lambda_IE,branch_label,severity_category,P_branch,lambda_per_turbine,lambda_per_farm,return_period_yr,P_one_plus_25yr_farm,freq_category,risk_acceptability,ccf_adjusted
0.05,Branch_1_SAFE_controlled,E,0.8280970000000811,0.04140485000000406,0.9109067000000893,24.15175999912817,0.999999999871188,F2,ACCEPTABLE,False
0.05,Branch_2_SAFE_brake,D,0.14848853847210472,0.007424426923605236,0.16333739231931518,134.69053036546137,0.9831505086230384,F3,ACCEPTABLE,False
0.05,Branch_3_NEAR_MISS_SCADA,C,0.02264545745727002,0.001132272872863501,0.024910003202997022,883.1793324439674,0.4635329203271821,F3,ACCEPTABLE,False
0.05,Branch_4_CATASTROPHIC,A,0.0007690040705441505,3.8450203527207524e-05,0.0008459044775985655,26007.664674450833,0.02092556917383459,F5,ACCEPTABLE,False
0.05,Branch_1_SAFE_controlled,E,0.8280970000000811,0.04140485000000406,0.9109067000000893,24.15175999912817,0.999999999871188,F2,ACCEPTABLE,True
0.05,Branch_2_SAFE_brake,D,0.14848853847210472,0.007424426923605236,0.16333739231931518,134.69053036546137,0.9831505086230384,F3,ACCEPTABLE,True
0.05,Branch_3_NEAR_MISS_SCADA,C,0.02220160718874318,0.001110080359437159,0.024421767907617496,900.8356841004081,0.45694474077115466,F3,ACCEPTABLE,True
0.05,Branch_4_CATASTROPHIC,A,0.0012128543390709933,6.064271695354966e-05,0.0013341397729780926,16490.02634176116,0.03280339935663734,F5,ACCEPTABLE,True
0.1,Branch_1_SAFE_controlled,E,0.8280970000000811,0.08280970000000812,1.8218134000001787,12.075879999564085,1.0,F2,ACCEPTABLE,False
0.1,Branch_2_SAFE_brake,D,0.14848853847210472,0.014848853847210472,0.32667478463863037,67.34526518273069,0.9997160946403377,F2,ACCEPTABLE,False
0.1,Branch_3_NEAR_MISS_SCADA,C,0.02264545745727002,0.002264545745727002,0.049820006405994044,441.5896662219837,0.7122030724273184,F3,ACCEPTABLE,False
0.1,Branch_4_CATASTROPHIC,A,0.0007690040705441505,7.690040705441505e-05,0.001691808955197131,13003.832337225416,0.041413258902420313,F5,ACCEPTABLE,False
0.1,Branch_1_SAFE_controlled,E,0.8280970000000811,0.08280970000000812,1.8218134000001787,12.075879999564085,1.0,F2,ACCEPTABLE,True
0.1,Branch_2_SAFE_brake,D,0.14848853847210472,0.014848853847210472,0.32667478463863037,67.34526518273069,0.9997160946403377,F2,ACCEPTABLE,True
0.1,Branch_3_NEAR_MISS_SCADA,C,0.02220160718874318,0.002220160718874318,0.04884353581523499,450.41784205020406,0.7050909854238916,F3,ACCEPTABLE,True
0.1,Branch_4_CATASTROPHIC,A,0.0012128543390709933,0.00012128543390709933,0.002668279545956185,8245.01317088058,0.06453073570392365,F4,ALARP,True
0.2,Branch_1_SAFE_controlled,E,0.8280970000000811,0.16561940000001624,3.6436268000003573,6.037939999782043,1.0,F1,ACCEPTABLE,False
0.2,Branch_2_SAFE_brake,D,0.14848853847210472,0.029697707694420945,0.6533495692772607,33.67263259136534,0.9999999193977468,F2,ACCEPTABLE,False
0.2,Branch_3_NEAR_MISS_SCADA,C,0.02264545745727002,0.004529091491454004,0.09964001281198809,220.79483311099185,0.9171729284797246,F3,ACCEPTABLE,False
0.2,Branch_4_CATASTROPHIC,A,0.0007690040705441505,0.0001538008141088301,0.003383617910394262,6501.916168612708,0.08111145979192169,F4,ALARP,False
0.2,Branch_1_SAFE_controlled,E,0.8280970000000811,0.16561940000001624,3.6436268000003573,6.037939999782043,1.0,F1,ACCEPTABLE,True
0.2,Branch_2_SAFE_brake,D,0.14848853847210472,0.029697707694420945,0.6533495692772607,33.67263259136534,0.9999999193977468,F2,ACCEPTABLE,True
0.2,Branch_3_NEAR_MISS_SCADA,C,0.02220160718874318,0.004440321437748636,0.09768707163046998,225.20892102510203,0.9130286731217487,F3,ACCEPTABLE,True
0.2,Branch_4_CATASTROPHIC,A,0.0012128543390709933,0.00024257086781419865,0.00533655909191237,4122.50658544029,0.12489725555735776,F4,ALARP,True
0.5,Branch_1_SAFE_controlled,E,0.8280970000000811,0.41404850000004056,9.109067000000893,2.415175999912817,1.0,F1,ACCEPTABLE,False
0.5,Branch_2_SAFE_brake,D,0.14848853847210472,0.07424426923605236,1.6333739231931519,13.469053036546137,1.0,F2,ACCEPTABLE,False
0.5,Branch_3_NEAR_MISS_SCADA,C,0.02264545745727002,0.01132272872863501,0.24910003202997022,88.31793324439674,0.9980256198949335,F2,ALARP,False
0.5,Branch_4_CATASTROPHIC,A,0.0007690040705441505,0.00038450203527207524,0.008459044775985655,2600.7664674450834,0.19061139049214415,F4,ALARP,False
0.5,Branch_1_SAFE_controlled,E,0.8280970000000811,0.41404850000004056,9.109067000000893,2.415175999912817,1.0,F1,ACCEPTABLE,True
0.5,Branch_2_SAFE_brake,D,0.14848853847210472,0.07424426923605236,1.6333739231931519,13.469053036546137,1.0,F2,ACCEPTABLE,True
0.5,Branch_3_NEAR_MISS_SCADA,C,0.02220160718874318,0.01110080359437159,0.24421767907617498,90.08356841004081,0.9977693047636165,F2,ALARP,True
0.5,Branch_4_CATASTROPHIC,A,0.0012128543390709933,0.0006064271695354966,0.013341397729780926,1649.0026341761159,0.28361313467881366,F4,ALARP,True
1.0,Branch_1_SAFE_controlled,E,0.8280970000000811,0.8280970000000811,18.218134000001786,1.2075879999564085,1.0,F1,ACCEPTABLE,False
1.0,Branch_2_SAFE_brake,D,0.14848853847210472,0.14848853847210472,3.2667478463863038,6.734526518273069,1.0,F1,ALARP,False
1.0,Branch_3_NEAR_MISS_SCADA,C,0.02264545745727002,0.02264545745727002,0.49820006405994044,44.15896662219837,0.9999961018232008,F2,ALARP,False
1.0,Branch_4_CATASTROPHIC,A,0.0007690040705441505,0.0007690040705441505,0.01691808955197131,1300.3832337225417,0.3448900787989396,F4,ALARP,False
1.0,Branch_1_SAFE_controlled,E,0.8280970000000811,0.8280970000000811,18.218134000001786,1.2075879999564085,1.0,F1,ACCEPTABLE,True
1.0,Branch_2_SAFE_brake,D,0.14848853847210472,0.14848853847210472,3.2667478463863038,6.734526518273069,1.0,F1,ALARP,True
1.0,Branch_3_NEAR_MISS_SCADA,C,0.02220160718874318,0.02220160718874318,0.48843535815234995,45.041784205020406,0.9999950239987624,F2,ALARP,True
1.0,Branch_4_CATASTROPHIC,A,0.0012128543390709933,0.0012128543390709933,0.026682795459561853,824.5013170880579,0.4867898591952845,F3,UNACCEPTABLE,True
2.0,Branch_1_SAFE_controlled,E,0.8280970000000811,1.6561940000001623,36.43626800000357,0.6037939999782043,1.0,F1,ACCEPTABLE,False
2.0,Branch_2_SAFE_brake,D,0.14848853847210472,0.29697707694420944,6.5334956927726076,3.3672632591365343,1.0,F1,ALARP,False
2.0,Branch_3_NEAR_MISS_SCADA,C,0.02264545745727002,0.04529091491454004,0.9964001281198809,22.079483311099185,0.9999999999848043,F2,ALARP,False
2.0,Branch_4_CATASTROPHIC,A,0.0007690040705441505,0.001538008141088301,0.03383617910394262,650.1916168612709,0.5708309911439404,F3,UNACCEPTABLE,False
2.0,Branch_1_SAFE_controlled,E,0.8280970000000811,1.6561940000001623,36.43626800000357,0.6037939999782043,1.0,F1,ACCEPTABLE,True
2.0,Branch_2_SAFE_brake,D,0.14848853847210472,0.29697707694420944,6.5334956927726076,3.3672632591365343,1.0,F1,ALARP,True
2.0,Branch_3_NEAR_MISS_SCADA,C,0.02220160718874318,0.04440321437748636,0.9768707163046999,22.520892102510203,0.9999999999752394,F2,ALARP,True
2.0,Branch_4_CATASTROPHIC,A,0.0012128543390709933,0.0024257086781419865,0.053365590919123705,412.25065854402897,0.7366153513752041,F3,UNACCEPTABLE,True
