component,cp_cf_ratio,Cp,Cf,T_star_days,T_star_years,C_star,C_no_PM,savings_fraction
Main/Rotor Bearing,0.01,15000.0,1500000,2514.702742776714,6.88488088371448,11.949908929693049,67.70275002573075,0.8234944824966278
Main/Rotor Bearing,0.02,30000.0,1500000,3577.4960012350793,9.794650242943407,16.828624881765688,67.70275002573075,0.7514336585239167
Main/Rotor Bearing,0.03,45000.0,1500000,4407.938800539763,12.06827871468792,20.52337505151264,67.70275002573075,0.6968605404697351
Main/Rotor Bearing,0.04,60000.0,1500000,5120.830916213015,14.020070954724204,23.597063076576664,67.70275002573075,0.6514607889988444
Main/Rotor Bearing,0.05,75000.0,1500000,5760.665006989184,15.77184122378969,26.26865500299561,67.70275002573075,0.6120001773485998
Main/Rotor Bearing,0.060000000000000005,90000.0,1500000,6349.933383683678,17.385170112754764,28.650895403279268,67.70275002573075,0.5768134175880543
Main/Rotor Bearing,0.06999999999999999,104999.99999999999,1500000,6902.102306965966,18.896926233993064,30.811013316368452,67.70275002573075,0.5449075066425133
Main/Rotor Bearing,0.08,120000.0,1500000,7425.919368314361,20.331059187718992,32.792971673336915,67.70275002573075,0.5156330922913207
Main/Rotor Bearing,0.09,135000.0,1500000,7927.509273464952,21.70433750435305,34.627414398661934,67.70275002573075,0.4885375500182545
Main/Rotor Bearing,0.09999999999999999,150000.0,1500000,8411.255691415481,23.02876301551124,36.336728655720044,67.70275002573075,0.4632902113738349
Main/Rotor Bearing,0.11,165000.0,1500000,8880.590641921026,24.313732079181452,37.937870077398706,67.70275002573075,0.43964063405134596
Main/Rotor Bearing,0.12,180000.0,1500000,9338.125124685032,25.566393222956965,39.44405289977669,67.70275002573075,0.4173936378539159
Main/Rotor Bearing,0.13,195000.0,1500000,9785.940138932787,26.792443912204757,40.865817493081856,67.70275002573075,0.3963935367832088
Main/Rotor Bearing,0.14,210000.00000000003,1500000,10225.708255446578,27.99646339615764,42.2117348060702,67.70275002573075,0.3765137340798206
Main/Rotor Bearing,0.15000000000000002,225000.00000000003,1500000,10659.038965701597,29.182858222317854,43.48888827966455,67.70275002573075,0.35764960414257335
Main/Rotor Bearing,0.16,240000.0,1500000,11087.091324640016,30.35480171017116,44.7032136365037,67.70275002573075,0.339713473684392
Main/Rotor Bearing,0.17,255000.00000000003,1500000,11510.929036919686,31.515206124352325,45.859744724085516,67.70275002573075,0.3226309905187558
Main/Rotor Bearing,0.18000000000000002,270000.00000000006,1500000,11931.529965050984,32.66674870650509,46.96279536936838,67.70275002573075,0.3063384374856273
Main/Rotor Bearing,0.19,285000.0,1500000,12349.895523847877,33.812171180966125,48.016096533903294,67.70275002573075,0.29078070660860084
Main/Rotor Bearing,0.2,300000.0,1500000,12766.361953863292,34.95239412419792,49.02290153240672,67.70275002573075,0.2759097449693648
Main/Rotor Bearing,0.21000000000000002,315000.00000000006,1500000,13181.95758963946,36.09023296273637,49.98606798227386,67.70275002573075,0.2616833442766148
Main/Rotor Bearing,0.22,330000.0,1500000,13597.266681490726,37.22728728676448,50.90812249218316,67.70275002573075,0.24806418538633532
Main/Rotor Bearing,0.23,345000.0,1500000,14012.815623462988,38.36499828463515,51.791312361922124,67.70275002573075,0.23501907467217226
Main/Rotor Bearing,0.24000000000000002,360000.0,1500000,14429.242824678047,39.50511382526501,52.63764735165184,67.70275002573075,0.22251832707465125
Main/Rotor Bearing,0.25,375000.0,1500000,14847.005183377802,40.6488848278653,53.448933772069594,67.70275002573075,0.21053526257417796
Main/Rotor Bearing,0.26,390000.0,1500000,15266.49037483725,41.79737268949282,54.226802568476906,67.70275002573075,0.1990457913767498
Main/Rotor Bearing,0.27,405000.0,1500000,15688.558285186553,42.95293165006586,54.972732653213676,67.70275002573075,0.1880280692834334
Main/Rotor Bearing,0.28,420000.00000000006,1500000,16113.451725228811,44.11622648933282,55.68807044572756,67.70275002573075,0.17746220907477103
Main/Rotor Bearing,0.29000000000000004,435000.00000000006,1500000,16541.7414659675,45.28881989313484,56.37404635911242,67.70275002573075,0.1673300369972092
Main/Rotor Bearing,0.3,450000.0,1500000,16973.746178719535,46.47158433598778,57.031788809941126,67.70275002573075,0.15761488583158106
Main/Rotor Bearing,0.31,465000.0,1500000,17410.049584937173,47.66611796012915,57.66233620643919,67.70275002573075,0.14830141782240236
Main/Rotor Bearing,0.32,480000.0,1500000,17851.348198675605,48.874327717113225,58.26664726365471,67.70275002573075,0.13937547231818212
Main/Rotor Bearing,0.33,495000.0,1500000,18297.77540901479,50.09657880633755,58.84560995010984,67.70275002573075,0.13082393362536548
Main/Rotor Bearing,0.34,510000.00000000006,1500000,18750.030478970682,51.33478570560077,59.40004928116899,67.70275002573075,0.12263461589678824
Main/Rotor Bearing,0.35000000000000003,525000.0,1500000,19208.587758551206,52.59024711444547,59.93073415882685,67.70275002573075,0.11479616210493825
Main/Rotor Bearing,0.36000000000000004,540000.0000000001,1500000,19673.950236892753,53.86434014207462,60.43838340889227,67.70275002573075,0.10729795487004033
Main/Rotor Bearing,0.37,555000.0,1500000,20146.763717811296,55.15883290297412,60.92367114341821,67.70275002573075,0.10013003725455936
Main/Rotor Bearing,0.38,570000.0,1500000,20627.462259142278,56.4749137827304,61.38723155411917,67.70275002573075,0.09328304196227391
Main/Rotor Bearing,0.39,585000.0,1500000,21116.769307767794,57.81456347095905,61.829663228257395,67.70275002573075,0.08674812759069996
Main/Rotor Bearing,0.4,600000.0,1500000,21615.12637978055,59.17899077284203,62.25153305710655,67.70275002573075,0.08051692090132884
Main/Rotor Bearing,0.41000000000000003,615000.0,1500000,22123.37925913825,60.570511318653665,62.653379808780016,67.70275002573075,0.07458146404734958
Main/Rotor Bearing,0.42000000000000004,630000.0000000001,1500000,22642.120125239086,61.99074640722542,63.03571740983819,67.70275002573075,0.06893416610283676
Main/Rotor Bearing,0.43,645000.0,1500000,23172.197323751556,63.44201868241357,63.399037992100546,67.70275002573075,0.06356775805996889
Main/Rotor Bearing,0.44,660000.0,1500000,23714.21333724373,64.92597765159132,63.743814739990896,67.70275002573075,0.058475250772461136
Main/Rotor Bearing,0.45,675000.0,1500000,24269.11909867893,66.44522682732082,64.07050457641257,67.70275002573075,0.05364989528398366
Main/Rotor Bearing,0.46,690000.0,1500000,24837.82069834627,68.00224694961334,64.37955071734724,67.70275002573075,0.0490851450955908
Main/Rotor Bearing,0.47000000000000003,705000.0,1500000,25421.202166688516,69.59945836191243,64.67138512388037,67.70275002573075,0.04477461994820441
Main/Rotor Bearing,0.48000000000000004,720000.0,1500000,26020.25212744281,71.23956776849504,64.94643087518583,67.70275002573075,0.04071207077256645
Main/Rotor Bearing,0.49,735000.0,1500000,26636.10543337862,72.92568222690929,65.20510448489648,67.70275002573075,0.03689134547540577
Main/Rotor Bearing,0.5,750000.0,1500000,27269.932307230003,74.66100563238878,65.44781817808457,67.70275002573075,0.0333063553074163
Gearbox,0.01,20000.0,2000000,2117.9456102738145,5.798619056191142,21.295319077698995,93.70805870851265,0.7727482633703896
Gearbox,0.02,40000.0,2000000,3134.3867549180413,8.581483244128792,28.84502572807857,93.70805870851265,0.6921820158733241
Gearbox,0.03,60000.0,2000000,3953.8850285571943,10.825147237665146,34.380659408086856,93.70805870851265,0.6331088288251602
Gearbox,0.04,80000.0,2000000,4672.141476224445,12.791626218273635,38.8872875718779,93.70805870851265,0.585016613215302
Gearbox,0.05,100000.0,2000000,5326.946177267194,14.584383784441325,42.73939155403867,93.70805870851265,0.5439091136549591
Gearbox,0.060000000000000005,120000.00000000001,2000000,5937.833406080881,16.256901864697827,46.12685249360088,93.70805870851265,0.5077600248119257
Gearbox,0.06999999999999999,140000.0,2000000,6516.6682158735075,17.84166520430803,49.16158026484553,93.70805870851265,0.47537510708905995
Gearbox,0.08,160000.0,2000000,7071.115123856325,19.359658107751745,51.91606763705753,93.70805870851265,0.44598075819127647
Gearbox,0.09,180000.0,2000000,7606.749243273322,20.82614440321238,54.44044662118027,93.70805870851265,0.4190419973321379
Gearbox,0.09999999999999999,199999.99999999997,2000000,8127.502337680789,22.251888672637342,56.77109398906856,93.70805870851265,0.39417063194468516
Gearbox,0.11,220000.0,2000000,8636.346396185207,23.645027778741156,58.935398699863704,93.70805870851265,0.3710743823731579
Gearbox,0.12,240000.0,2000000,9135.924057115246,25.012796870952076,60.95459561661654,93.70805870851265,0.3495266420338373
Gearbox,0.13,260000.0,2000000,9628.119650830726,26.360354964628954,62.84554512367273,93.70805870851265,0.32934748633349187
Gearbox,0.14,280000.0,2000000,10114.638770275202,27.69237171875483,64.62190145416125,93.70805870851265,0.3103912049317606
Gearbox,0.15000000000000002,300000.00000000006,2000000,10596.775324833712,29.012389664158007,66.29490820780909,93.70805870851265,0.29253781241989696
Gearbox,0.16,320000.0,2000000,11075.788818092467,30.323857133723386,67.87395688613219,93.70805870851265,0.2756870879455497
Gearbox,0.17,340000.0,2000000,11552.969839981806,31.630307570107615,69.36698939444297,93.70805870851265,0.25975427993642225
Gearbox,0.18000000000000002,360000.00000000006,2000000,12028.925924813495,32.93340431160437,70.78079471501479,93.70805870851265,0.24466694017016377
Gearbox,0.19,380000.0,2000000,12504.673007174304,34.23592883552171,72.12123190234837,93.70805870851265,0.23036254409358803
Gearbox,0.2,400000.0,2000000,12980.941236479375,35.53988018201061,73.39340061800819,93.70805870851265,0.21678667097026347
Gearbox,0.21000000000000002,420000.00000000006,2000000,13458.61513183134,36.84768003239245,74.60177357185805,93.70805870851265,0.20389159054171024
Gearbox,0.22,440000.0,2000000,13938.272067247006,38.160909150573595,75.75030078920585,93.70805870851265,0.19163515034673828
Gearbox,0.23,460000.0,2000000,14420.61528591902,39.481492911482604,76.84249273437256,93.70805870851265,0.1799798886732032
Gearbox,0.24000000000000002,480000.00000000006,2000000,14906.471488190859,40.81169469730557,77.88148731654155,93.70805870851265,0.16889231950905179
Gearbox,0.25,500000.0,2000000,15396.150442883447,42.1523626088527,78.87010447053427,93.70805870851265,0.15834235008680705
Gearbox,0.26,520000.0,2000000,15890.471124578398,43.505738876326895,79.81089103543303,93.70805870851265,0.14830280196400197
Gearbox,0.27,540000.0,2000000,16389.92206583499,44.87316102898013,80.70615798017522,93.70805870851265,0.13874901377245488
Gearbox,0.28,560000.0,2000000,16895.334934609917,46.25690604958225,81.55801154461105,93.70805870851265,0.12965850889831598
Gearbox,0.29000000000000004,580000.0000000001,2000000,17407.05824874664,47.65792812798533,82.36837947972141,93.70805870851265,0.12101071546113587
Gearbox,0.3,600000.0,2000000,17925.90886445729,49.07846369461271,83.13903333921724,93.70805870851265,0.11278672843038315
Gearbox,0.31,620000.0,2000000,18452.489806780053,50.52016374203984,83.87160753242797,93.70805870851265,0.10496910630367283
Gearbox,0.32,640000.0,2000000,18987.424944225873,51.984736329160505,84.56761573559821,93.70805870851265,0.09754169597458648
Gearbox,0.33,660000.0,2000000,19531.495332504222,53.47431986996365,85.22846511554104,93.70805870851265,0.0904894809457973
Gearbox,0.34,680000.0,2000000,20085.268721800167,54.99046877974036,85.85546874011689,93.70805870851265,0.0837984488913803
Gearbox,0.35000000000000003,700000.0000000001,2000000,20649.542039082477,56.535364925619376,86.44985648066847,93.70805870851265,0.07745547531212306
Gearbox,0.36000000000000004,720000.0000000001,2000000,21225.1403670825,58.111267261006155,87.01278464976805,93.70805870851265,0.0714482206868766
Gearbox,0.37,740000.0,2000000,21812.854671958332,59.72034133321925,87.54534458136726,93.70805870851265,0.06576503890999459
Gearbox,0.38,760000.0,2000000,22413.55853767945,61.36497888481711,88.04857032014108,93.70805870851265,0.060394895234954324
Gearbox,0.39,780000.0,2000000,23028.07660318771,63.047437654175795,88.52344556061796,93.70805870851265,0.05532729222384064
Gearbox,0.4,800000.0,2000000,23657.47830364877,64.7706455952054,88.9709099540022,93.70805870851265,0.05055220244446408
Gearbox,0.41000000000000003,820000.0000000001,2000000,24302.744956112838,66.53728940756423,89.39186488085215,93.70805870851265,0.046060006867567366
Gearbox,0.42000000000000004,840000.0000000001,2000000,24964.908843667123,68.3501953283152,89.7871787728221,93.70805870851265,0.04184143807617229
Gearbox,0.43,860000.0,2000000,25645.19703160565,70.21272287913936,90.15769205379287,93.70805870851265,0.03788752753659657
Gearbox,0.44,880000.0,2000000,26344.969245007727,72.12859478441541,90.50422175701436,93.70805870851265,0.03418955632689086
Gearbox,0.45,900000.0,2000000,27065.493254717705,74.10128201154745,90.8275658697584,93.70805870851265,0.030739008773133188
Gearbox,0.46,920000.0,2000000,27808.19526340111,76.1346892906259,91.12850744093146,93.70805870851265,0.02752752861528293
Gearbox,0.47000000000000003,940000.0,2000000,28574.641349299513,78.23310431019716,91.40781848509161,93.70805870851265,0.024546877345694957
Gearbox,0.48000000000000004,960000.0000000001,2000000,29366.61604859477,80.4014128640514,91.66626370328319,93.70805870851265,0.02178889450245306
Gearbox,0.49,980000.0,2000000,30185.956596988704,82.64464502940098,91.9046040345446,93.70805870851265,0.019245459769664592
Gearbox,0.5,1000000.0,2000000,31034.744238720505,84.96849894242438,92.12360004158371,93.70805870851265,0.016908456847425896
Generator,0.01,8000.0,800000,2826.3248504519033,7.738055716500762,8.526100294050176,23.320677209104684,0.6343973968851351
Generator,0.02,16000.0,800000,4529.443100959212,12.400939359231243,10.684508471074837,23.320677209104684,0.5418439878365336
Generator,0.03,24000.0,800000,5993.002829413498,16.407947513794657,12.164576091605547,23.320677209104684,0.47837809414658233
Generator,0.04,32000.0,800000,7331.451659688275,20.072420697298494,13.315977494129935,23.320677209104684,0.42900553981634754
Generator,0.05,40000.0,800000,8592.570867184086,23.525176912208313,14.265619060304154,23.320677209104684,0.388284528258267
Generator,0.060000000000000005,48000.00000000001,800000,9801.629043806759,26.8353977927632,15.075889270572127,23.320677209104684,0.3535398163872226
Generator,0.06999999999999999,55999.99999999999,800000,10974.472047238163,30.046466932890247,15.782702719201767,23.320677209104684,0.3232313719843435
Generator,0.08,64000.0,800000,12121.982424558517,33.18817912267903,16.408885573146712,23.320677209104684,0.29638039984788783
Generator,0.09,72000.0,800000,13251.59559517617,36.280891431009366,16.969973582103908,23.320677209104684,0.27232072079456515
Generator,0.09999999999999999,80000.0,800000,14369.53692306181,39.34164797552857,17.477086997715798,23.320677209104684,0.2505754939701097
Generator,0.11,88000.0,800000,15480.368742497603,42.38293974674224,17.938499850566323,23.320677209104684,0.23078992562176073
Generator,0.12,96000.0,800000,16588.08013675851,45.41568825943467,18.360560722325868,23.320677209104684,0.21269178601907512
Generator,0.13,104000.0,800000,17695.92189819244,48.448793697994354,18.748264409007803,23.320677209104684,0.19606689630401272
Generator,0.14,112000.00000000001,800000,18806.750971912134,51.49007795184705,19.105623360199022,23.320677209104684,0.18074320102762934
Generator,0.15000000000000002,120000.00000000001,800000,19923.28457011926,54.546980342557866,19.435918238176242,23.320677209104684,0.16658002407459174
Generator,0.16,128000.0,800000,21047.81738570172,57.625783396856185,19.74187233508692,23.320677209104684,0.15346058958444622
Generator,0.17,136000.0,800000,22182.522276948243,60.73243607651812,20.025776284076922,23.320677209104684,0.1412866742884032
Generator,0.18000000000000002,144000.00000000003,800000,23329.565069661436,63.872868089422134,20.289579315738802,23.320677209104684,0.12997469439620318
Generator,0.19,152000.0,800000,24491.00056778015,67.05270518214962,20.534957396146943,23.320677209104684,0.11945278380981839
Generator,0.2,160000.0,800000,25668.69099768148,70.27704585265292,20.76336501719405,23.320677209104684,0.10965857333303453
Generator,0.21000000000000002,168000.00000000003,800000,26864.77488775154,73.55174507255727,20.976075190133795,23.320677209104684,0.10053747573228822
Generator,0.22,176000.0,800000,28081.082743722698,76.88181449342285,21.17421077153525,23.320677209104684,0.09204134246716583
Generator,0.23,184000.0,800000,29319.71654901323,80.27300903220596,21.358769318290985,23.320677209104684,0.08412739789767962
Generator,0.24000000000000002,192000.00000000003,800000,30582.644965916646,83.73071859251648,21.53064304079153,23.320677209104684,0.07675738368413677
Generator,0.25,200000.0,800000,31872.127939390957,87.26113056643656,21.69063499485435,23.320677209104684,0.06989686447072581
Generator,0.26,208000.0,800000,33190.14224475268,90.86965706982252,21.83947235279424,23.320677209104684,0.0635146588166901
Generator,0.27,216000.0,800000,34539.165098639525,94.56308035219583,21.977817382254397,23.320677209104684,0.0575823684196451
Generator,0.28,224000.00000000003,800000,35921.551588488524,98.3478482915497,22.106276607599987,23.320677209104684,0.05207398527134448
Generator,0.29000000000000004,232000.00000000003,800000,37339.713963964845,102.23056526752866,22.225408517678343,23.320677209104684,0.04696556114582875
Generator,0.3,240000.0,800000,38796.53560641265,106.21912554801548,22.335730100555914,23.320677209104684,0.042234927387281636
Generator,0.31,248000.0,800000,40294.66294389693,110.32077465817093,22.437722423802313,23.320677209104684,0.037861455625210316
Generator,0.32,256000.0,800000,41837.285375911284,114.54424469790906,22.531835432166368,23.320677209104684,0.03382585204817047
Generator,0.33,264000.0,800000,43427.53249513034,118.89810402499751,22.618492097902312,23.320677209104684,0.03010997943611303
Generator,0.34,272000.0,800000,45069.158215686686,123.392630296199,22.69809203109104,23.320677209104684,0.02669670234835971
Generator,0.35000000000000003,280000.0,800000,46765.53925476606,128.03706845931845,22.77101463514843,23.320677209104684,0.023569751814139405
Generator,0.36000000000000004,288000.00000000006,800000,48521.12102812065,132.84358939937206,22.83762187447627,23.320677209104684,0.02071360665460535
Generator,0.37,296000.0,800000,50339.873937199176,137.82306348309152,22.89826070725886,23.320677209104684,0.018113389163540543
Generator,0.38,304000.0,800000,52226.85229541974,142.98932866644694,22.95326522396188,23.320677209104684,0.015754773407667726
Generator,0.39,312000.0,800000,54187.03566909859,148.3560182589968,23.002958521842178,23.320677209104684,0.013623904846916899
Generator,0.4,320000.0,800000,56226.29437622406,153.9392043154663,23.047654337135416,23.320677209104684,0.01170733034556458
Generator,0.41000000000000003,328000.0,800000,58350.42233584644,159.75474972168772,23.087658448556322,23.320677209104684,0.00999193798957897
Generator,0.42000000000000004,336000.00000000006,800000,60566.265389047374,165.8213973690551,23.123269858646836,23.320677209104684,0.008464906429937526
Generator,0.43,344000.0,800000,62881.099323077215,172.15906727741879,23.154781753352403,23.320677209104684,0.00711366373561028
Generator,0.44,352000.0,800000,65302.88224880626,178.78954756688913,23.182482234348765,23.320677209104684,0.005925855991093002
Generator,0.45,360000.0,800000,67840.33466917629,185.73671367330948,23.20665481385826,23.320677209104684,0.004889326078485696
Generator,0.46,368000.0,800000,70503.18737014409,193.02720703667103,23.227578657848497,23.320677209104684,0.003992103249036009
Generator,0.47000000000000003,376000.0,800000,73301.8844320992,200.68962199068915,23.24552856112266,23.320677209104684,0.00322240419127637
Generator,0.48000000000000004,384000.00000000006,800000,76248.34449516625,208.75658999361056,23.260774637458002,23.320677209104684,0.0025686463180106325
Generator,0.49,392000.0,800000,79355.00358176563,217.26215901920776,23.273581710289285,23.320677209104684,0.002019473894051917
Generator,0.5,400000.0,800000,82636.29401925716,226.24584262630296,23.284208395365884,23.320677209104684,0.0015637973722547897
