component,tau_days,tau_months,lambda_tau,PFDavg_exact,PFDavg_approx,SIL_achieved
Electrical Safety System (G3b Safety Relay),1.0,0.0328515111695138,7.570997243719564e-05,3.785403163591994e-05,3.785498621859782e-05,SIL-3
Electrical Safety System (G3b Safety Relay),2.0,0.0657030223390276,0.0001514199448743913,7.570615140339854e-05,7.570997243719564e-05,SIL-3
Electrical Safety System (G3b Safety Relay),3.0,0.09855453350854139,0.00022712991731158695,0.00011355636091991972,0.00011356495865579347,SIL-2
Electrical Safety System (G3b Safety Relay),4.0,0.1314060446780552,0.0003028398897487826,0.00015140466055185708,0.0001514199448743913,SIL-2
Electrical Safety System (G3b Safety Relay),5.0,0.164257555847569,0.0003785498621859782,0.00018925105007938647,0.0001892749310929891,SIL-2
Electrical Safety System (G3b Safety Relay),6.0,0.19710906701708278,0.0004542598346231739,0.0002270955291849841,0.00022712991731158695,SIL-2
Electrical Safety System (G3b Safety Relay),7.0,0.22996057818659657,0.0005299698070603695,0.0002649380983607008,0.00026498490353018476,SIL-2
Electrical Safety System (G3b Safety Relay),8.0,0.2628120893561104,0.0006056797794975652,0.00030277875766937523,0.0003028398897487826,SIL-2
Electrical Safety System (G3b Safety Relay),9.0,0.2956636005256242,0.0006813897519347608,0.0003406175071459794,0.0003406948759673804,SIL-2
Electrical Safety System (G3b Safety Relay),10.0,0.328515111695138,0.0007570997243719564,0.00037845434695826796,0.0003785498621859782,SIL-2
Electrical Safety System (G3b Safety Relay),11.0,0.36136662286465177,0.000832809696809152,0.00041628927707926255,0.000416404848404576,SIL-2
Electrical Safety System (G3b Safety Relay),12.0,0.39421813403416556,0.0009085196692463478,0.0004541222978582393,0.0004542598346231739,SIL-2
Electrical Safety System (G3b Safety Relay),13.0,0.42706964520367935,0.0009842296416835434,0.0004919534091977207,0.0004921148208417717,SIL-2
Electrical Safety System (G3b Safety Relay),14.0,0.45992115637319314,0.001059939614120739,0.0005297826113431769,0.0005299698070603695,SIL-2
Electrical Safety System (G3b Safety Relay),15.0,0.49277266754270693,0.0011356495865579347,0.0005676099042785099,0.0005678247932789673,SIL-2
Electrical Safety System (G3b Safety Relay),16.0,0.5256241787122208,0.0012113595589951303,0.0006054352881752489,0.0006056797794975652,SIL-2
Electrical Safety System (G3b Safety Relay),17.0,0.5584756898817346,0.001287069531432326,0.0006432587631645115,0.000643534765716163,SIL-2
Electrical Safety System (G3b Safety Relay),18.0,0.5913272010512484,0.0013627795038695216,0.0006810803293481049,0.0006813897519347608,SIL-2
Electrical Safety System (G3b Safety Relay),19.0,0.6241787122207622,0.0014384894763067172,0.0007188999868066315,0.0007192447381533586,SIL-2
Electrical Safety System (G3b Safety Relay),20.0,0.657030223390276,0.0015141994487439128,0.0007567177356778698,0.0007570997243719564,SIL-2
Electrical Safety System (G3b Safety Relay),21.0,0.6898817345597897,0.0015899094211811085,0.0007945335760033423,0.0007949547105905542,SIL-2
Electrical Safety System (G3b Safety Relay),22.0,0.7227332457293035,0.001665619393618304,0.0008323475079504705,0.000832809696809152,SIL-2
Electrical Safety System (G3b Safety Relay),23.0,0.7555847568988173,0.0017413293660554997,0.0008701595316574773,0.0008706646830277499,SIL-2
Electrical Safety System (G3b Safety Relay),24.0,0.7884362680683311,0.0018170393384926956,0.0009079696471177012,0.0009085196692463478,SIL-2
Electrical Safety System (G3b Safety Relay),25.0,0.8212877792378449,0.0018927493109298912,0.0009457778545594042,0.0009463746554649456,SIL-2
Electrical Safety System (G3b Safety Relay),26.0,0.8541392904073587,0.001968459283367087,0.0009835841540637436,0.0009842296416835434,SIL-2
Electrical Safety System (G3b Safety Relay),27.0,0.8869908015768725,0.0020441692558042825,0.001021388545699442,0.0010220846279021412,SIL-1
Electrical Safety System (G3b Safety Relay),28.0,0.9198423127463863,0.002119879228241478,0.001059191029577744,0.001059939614120739,SIL-1
Electrical Safety System (G3b Safety Relay),29.0,0.9526938239159001,0.0021955892006786737,0.00109699160584531,0.0010977946003393369,SIL-1
Electrical Safety System (G3b Safety Relay),30.0,0.9855453350854139,0.0022712991731158694,0.0011347902745802996,0.0011356495865579347,SIL-1
Electrical Safety System (G3b Safety Relay),30.0,0.9855453350854139,0.0022712991731158694,0.0011347902745802996,0.0011356495865579347,SIL-1
Electrical Safety System (G3b Safety Relay),38.58974358974359,1.267731392567135,0.0029216284235379347,0.0014593925981526423,0.0014608142117689673,SIL-1
Electrical Safety System (G3b Safety Relay),47.17948717948718,1.5499174500488562,0.00357195767396,0.0017838542542711888,0.00178597883698,SIL-1
Electrical Safety System (G3b Safety Relay),55.76923076923077,1.832103507530577,0.004222286924382064,0.0021081753114610136,0.002111143462191032,SIL-1
Electrical Safety System (G3b Safety Relay),64.35897435897436,2.114289565012298,0.00487261617480413,0.002432355838302813,0.002436308087402065,SIL-1
Electrical Safety System (G3b Safety Relay),72.94871794871796,2.3964756224940196,0.005522945425226196,0.0027563959032583796,0.002761472712613098,SIL-1
Electrical Safety System (G3b Safety Relay),81.53846153846153,2.67866167997574,0.00617327467564826,0.003080295574841685,0.00308663733782413,SIL-1
Electrical Safety System (G3b Safety Relay),90.12820512820512,2.960847737457461,0.006823603926070325,0.003404054921464228,0.0034118019630351624,SIL-1
Electrical Safety System (G3b Safety Relay),98.71794871794872,3.2430337949391825,0.0074739331764923905,0.0037276740115683715,0.0037369665882461952,SIL-1
Electrical Safety System (G3b Safety Relay),107.3076923076923,3.5252198524209035,0.008124262426914455,0.0040511529134914515,0.004062131213457228,SIL-1
Electrical Safety System (G3b Safety Relay),115.8974358974359,3.8074059099026245,0.00877459167733652,0.004374491695581684,0.00438729583866826,SIL-1
Electrical Safety System (G3b Safety Relay),124.48717948717949,4.0895919673843455,0.009424920927758587,0.004697690426123335,0.004712460463879293,SIL-1
Electrical Safety System (G3b Safety Relay),133.07692307692307,4.3717780248660665,0.01007525017818065,0.005020749173400341,0.005037625089090325,SIL-1
Electrical Safety System (G3b Safety Relay),141.66666666666666,4.6539640823477875,0.010725579428602715,0.00534366800561592,0.005362789714301357,SIL-1
Electrical Safety System (G3b Safety Relay),150.25641025641025,4.9361501398295085,0.011375908679024781,0.005666446990962304,0.005687954339512391,SIL-1
Electrical Safety System (G3b Safety Relay),158.84615384615384,5.218336197311229,0.012026237929446846,0.005989086197615179,0.006013118964723423,SIL-1
Electrical Safety System (G3b Safety Relay),167.43589743589743,5.50052225479295,0.012676567179868911,0.006311585693677069,0.0063382835899344556,SIL-1
Electrical Safety System (G3b Safety Relay),176.02564102564102,5.782708312274672,0.013326896430290976,0.006633945547244613,0.006663448215145488,SIL-1
Electrical Safety System (G3b Safety Relay),184.6153846153846,6.064894369756393,0.013977225680713043,0.006956165826354832,0.006988612840356521,SIL-1
Electrical Safety System (G3b Safety Relay),193.2051282051282,6.347080427238114,0.014627554931135107,0.007278246599027871,0.007313777465567554,SIL-1
Electrical Safety System (G3b Safety Relay),201.7948717948718,6.629266484719835,0.015277884181557172,0.007600187933242575,0.007638942090778586,SIL-1
Electrical Safety System (G3b Safety Relay),210.3846153846154,6.911452542201556,0.015928213431979237,0.00792198989694426,0.007964106715989619,SIL-1
Electrical Safety System (G3b Safety Relay),218.97435897435898,7.193638599683277,0.016578542682401304,0.008243652558038272,0.008289271341200652,SIL-1
Electrical Safety System (G3b Safety Relay),227.56410256410257,7.475824657164999,0.017228871932823367,0.008565175984390327,0.008614435966411683,SIL-1
Electrical Safety System (G3b Safety Relay),236.15384615384613,7.758010714646719,0.01787920118324543,0.008886560243847375,0.008939600591622715,SIL-1
Electrical Safety System (G3b Safety Relay),244.74358974358972,8.04019677212844,0.018529530433667497,0.009207805404210179,0.009264765216833748,SIL-1
Electrical Safety System (G3b Safety Relay),253.33333333333331,8.322382829610161,0.019179859684089563,0.009528911533246531,0.009589929842044782,SIL-1
Electrical Safety System (G3b Safety Relay),261.9230769230769,8.604568887091883,0.019830188934511626,0.009849878698680592,0.009915094467255813,SIL-1
Electrical Safety System (G3b Safety Relay),270.5128205128205,8.886754944573603,0.020480518184933693,0.010170706968216092,0.010240259092466846,BELOW SIL-1
Electrical Safety System (G3b Safety Relay),279.1025641025641,9.168941002055325,0.021130847435355756,0.010491396409512466,0.010565423717677878,BELOW SIL-1
Electrical Safety System (G3b Safety Relay),287.6923076923077,9.451127059537045,0.021781176685777823,0.010811947090187402,0.010890588342888911,BELOW SIL-1
Electrical Safety System (G3b Safety Relay),296.28205128205127,9.733313117018767,0.02243150593619989,0.01113235907784671,0.011215752968099945,BELOW SIL-1
Electrical Safety System (G3b Safety Relay),304.87179487179486,10.015499174500487,0.023081835186621952,0.011452632440038135,0.011540917593310976,BELOW SIL-1
Electrical Safety System (G3b Safety Relay),313.46153846153845,10.297685231982209,0.02373216443704402,0.011772767244278781,0.01186608221852201,BELOW SIL-1
Electrical Safety System (G3b Safety Relay),322.05128205128204,10.57987128946393,0.024382493687466082,0.012092763558062436,0.012191246843733041,BELOW SIL-1
Electrical Safety System (G3b Safety Relay),330.64102564102564,10.862057346945651,0.02503282293788815,0.012412621448832817,0.012516411468944074,BELOW SIL-1
Electrical Safety System (G3b Safety Relay),339.2307692307692,11.144243404427373,0.025683152188310215,0.012732340984006218,0.012841576094155108,BELOW SIL-1
Electrical Safety System (G3b Safety Relay),347.8205128205128,11.426429461909093,0.02633348143873228,0.013051922230966961,0.01316674071936614,BELOW SIL-1
Electrical Safety System (G3b Safety Relay),356.4102564102564,11.708615519390815,0.026983810689154345,0.013371365257055179,0.013491905344577173,BELOW SIL-1
Electrical Safety System (G3b Safety Relay),365.0,11.990801576872535,0.027634139939576412,0.013690670129586913,0.013817069969788206,BELOW SIL-1
Electrical Safety System (G3b Safety Relay),365.0,11.990801576872535,0.027634139939576412,0.013690670129586913,0.013817069969788206,BELOW SIL-1
Electrical Safety System (G3b Safety Relay),441.8421052631579,14.515180856214123,0.03345185361106618,0.016540971739556376,0.01672592680553309,BELOW SIL-1
Electrical Safety System (G3b Safety Relay),518.6842105263158,17.03956013555571,0.039269567282555956,0.01938027069880055,0.019634783641277978,BELOW SIL-1
Electrical Safety System (G3b Safety Relay),595.5263157894736,19.563939414897295,0.04508728095404572,0.02220861482328418,0.02254364047702286,BELOW SIL-1
Electrical Safety System (G3b Safety Relay),672.3684210526316,22.088318694238883,0.050904994625535493,0.02502605170724226,0.025452497312767747,BELOW SIL-1
Electrical Safety System (G3b Safety Relay),749.2105263157895,24.612697973580467,0.05672270829702526,0.02783262872423453,0.02836135414851263,BELOW SIL-1
Electrical Safety System (G3b Safety Relay),826.0526315789473,27.13707725292205,0.06254042196851503,0.030628393028230505,0.031270210984257515,BELOW SIL-1
Electrical Safety System (G3b Safety Relay),902.8947368421052,29.66145653226364,0.0683581356400048,0.03341339155465606,0.0341790678200024,BELOW SIL-1
Electrical Safety System (G3b Safety Relay),979.7368421052631,32.18583581160522,0.07417584931149457,0.036187671021462586,0.037087924655747284,BELOW SIL-1
Electrical Safety System (G3b Safety Relay),1056.578947368421,34.71021509094681,0.07999356298298435,0.0389512779301604,0.039996781491492175,BELOW SIL-1
Electrical Safety System (G3b Safety Relay),1133.421052631579,37.2345943702884,0.08581127665447412,0.041704258566879204,0.04290563832723706,BELOW SIL-1
Electrical Safety System (G3b Safety Relay),1210.2631578947367,39.75897364962998,0.09162899032596387,0.044446659003398836,0.04581449516298194,BELOW SIL-1
Electrical Safety System (G3b Safety Relay),1287.1052631578946,42.28335292897157,0.09744670399745364,0.047178525098185764,0.04872335199872682,BELOW SIL-1
Electrical Safety System (G3b Safety Relay),1363.9473684210525,44.807732208313155,0.10326441766894341,0.04989990249742471,0.051632208834471706,BELOW SIL-1
Electrical Safety System (G3b Safety Relay),1440.7894736842104,47.33211148765474,0.1090821313404332,0.052610836636039715,0.0545410656702166,BELOW SIL-1
Electrical Safety System (G3b Safety Relay),1517.6315789473683,49.85649076699633,0.11489984501192296,0.05531137273871767,0.05744992250596148,BELOW SIL-1
Electrical Safety System (G3b Safety Relay),1594.4736842105262,52.38087004633792,0.12071755868341273,0.058001555820917594,0.060358779341706366,BELOW SIL-1
Electrical Safety System (G3b Safety Relay),1671.3157894736842,54.905249325679506,0.1265352723549025,0.06068143068988341,0.06326763617745125,BELOW SIL-1
Electrical Safety System (G3b Safety Relay),1748.157894736842,57.429628605021094,0.13235298602639228,0.06335104194564645,0.06617649301319614,BELOW SIL-1
Electrical Safety System (G3b Safety Relay),1825.0,59.95400788436268,0.13817069969788204,0.06601043398202444,0.06908534984894102,BELOW SIL-1
