component,rcm_category,maintenance_interval_days,maintenance_interval_label,trigger_rule,T_star_days,T_star_years,C_star_per_day,C_no_PM_per_day,savings_fraction,PFDavg_current,tau_required_days,SIL_achieved,mttf_days,beta,eta,data_source,notes
Main/Rotor Bearing,AGE_REPLACEMENT,8411.255691415481,23.0 yr,"Replace at T* = 23.0 yr (Barlow-Proschan optimal, β=2.0, Cp/Cf=0.10). Savings vs run-to-failure: 46.3%.",8411.255691415481,23.02876301551124,36.336728655720044,67.70275002573075,0.4632902113738349,,,,22155.67313631895,2.0,25000.0,"Literature (β=2.0, η=25000d). Sheng, S. (2013) 'Wind Turbine Drivetrain Condition Monitoring During GRC Phase …",
Gearbox,AGE_REPLACEMENT,8127.502337680033,22.3 yr,"Replace at T* = 22.3 yr (Barlow-Proschan optimal, β=1.8, Cp/Cf=0.10). Savings vs run-to-failure: 39.4%.",8127.502337680033,22.25188867263527,56.77109398906857,93.70805870851265,0.3941706319446851,,,,21342.881578853106,1.8,24000.0,"Literature (β=1.8, η=24000d). Carroll, J., McDonald, A., McMillan, D. (2016) 'Failure rate, repair time and un…",
Generator,CONDITION_BASED,,On-condition,"T* = 54.5 yr > design life (25 yr). Condition-based monitoring preferred: vibration analysis (accelerometer), oil debris monitoring (magnetic plug / spectrometry).",19923.28457003656,54.54698034233145,19.435918238176246,23.320677209104684,0.1665800240745916,,,,34304.321132135476,1.5,38000.0,"Literature (β=1.5, η=38000d). Walgern, J. et al. (2026) 'Reliability and O&M KPIs of onshore and offshore wind…","T* = 54.5yr exceeds turbine design life (25yr). In practice, this means age-based replacement at a specific calendar interval is not economically viable as a standalone policy. Condition-based monitoring (vibration analysis, oil debris monitoring) is the preferred industrial practice for this component — and the Barlow-Proschan analysis provides the theoretical justification for why."
Electrical Safety System (G3b Safety Relay),FAILURE_FINDING,26.43422499132508,26 d (0.9 months),Proof-test at τ ≤ 26 d (IEC 61511 SIL-2 requirement). Derived: λ_G3b = 7.571e-05/d from Q_G3b=0.0271 at τ_implied=730d. SIL-2 target: PFDavg ≤ 1e-03. Current PFDavg = 0.0271 (well above SIL-2 — proof-testing not yet implemented). Phase 6 ALARP Option 1: replace with dual-channel SIL-2 relay module AND implement monthly proof-test.,,,,,,0.027132000000039236,26.43422499132508,SIL-2 (after τ ≤ τ_required AND Q_G3b reduced to 1e-3 per Phase 6 Option 1),13208.299617722603,1.0,,Phase 5 gate_Q_table.csv (G3b.Q=0.027132); Phase 6 alarp_table.csv (Option 1); IEC 61511,"PFDavg formula: PFDavg = 1 - [1-exp(-λτ)]/(λτ). Without proof-testing, PFDavg = 0.0271 (effectively <SIL-1). Implementing monthly proof-tests AND replacing the relay with SIL-2 hardware achieves PFDavg ≤ 1e-3 (SIL-2) as specified by Phase 6 ALARP Option 1."
Pitch System,CONDITION_BASED,,On-condition,"ML anomaly score ≥ μ_rolling + 2σ_rolling (30-day rolling baseline). β = 0.7285 < 1 (Phase 2 Tier A Weibull MLE fit, 10 TBF intervals): hazard rate is decreasing — no finite T* exists, PM at any fixed interval increases expected cost. The SCADA ML anomaly score IS the Phase 7 maintenance trigger. Starting threshold k=2σ; tune with operational data (Phase 8+).",,,,,0.0,,,,1936.3776678104537,0.7284723911592832,,"Phase 2 mtbf_table.csv (β=0.7285, Tier A Weibull, AIC preferred exponential). Phase 1 SCADA anomaly pipeline.","β < 1: Barlow-Proschan C(T) is monotonically decreasing — scheduling PM at any fixed interval T ≤ MTTF is always suboptimal. The Phase 2 AIC analysis preferred the exponential model (ΔAIC=0.63), consistent with random/infant-mortality failure behaviour. CBM is the only mathematically justified strategy."
Hydraulic System,TIME_DIRECTED,548.0,18 months,Hydraulic fluid replacement + pump/filter inspection at 18-month intervals. Sample oil at 9 months to check viscosity/contamination.,,,,,,,,,1844.7,1.0,,"Phase 2 mtbf_table.csv (MTBF=1845d, Tier B exponential). Vendor PM schedule (offshore hydraulic systems).","β≈1 assumed (no Weibull fit — insufficient TBF data). Fluid degradation is time-cumulative; 18-month interval matches OEM guidance for offshore pitch hydraulics. Phase 5: G2a FV=0.77 (rank 2) — Hydraulic failure is a high-leverage safety risk, justifying structured PM."
Mechanical Brake,TIME_DIRECTED,730.0,24 months,Brake disc measurement + caliper overhaul + 24VAC supply verification at 24-month intervals. Replace disc if thickness < 80% of nominal.,,,,,,,,,4400.0,1.0,,Phase 2/3 (MTBF=4400d assumed_placeholder). OEM scheduled maintenance.,Brake wear is correlated with rotor stop cycles (usage-dependent) not calendar time. 24-month conservative bound; consider cycle-count trigger if SCADA logs stop events.
Transformer,CONDITION_BASED,365.0,12 months (annual DGA),"Annual dissolved gas analysis (DGA) of insulating oil. Maintenance triggered if key gas thresholds per IEC 60599 are exceeded (H₂ > 100ppm, C₂H₂ > 1ppm).",,,,,,,,,6000.0,,,Phase 2/3 (MTBF=6000d assumed_placeholder). IEC 60076-14; IEC 60599 DGA thresholds.,"DGA detects partial discharge, arc, thermal faults, and moisture ingress — all leading indicators. Phase 4 found Transformer to be the largest per-turbine downtime driver (crane-dependent repair). Placeholder MTBF=6000d; actual MTBF likely 10,000–20,000d for modern offshore units."
Yaw System,TIME_DIRECTED,365.0,12 months,Yaw bearing grease replenishment + slew ring gap inspection + yaw motor current logging annually.,,,,,,,,,4300.0,1.0,,Phase 2/3 (MTBF=4300d assumed_placeholder). OEM grease replenishment schedule.,
SCADA/Communication,RUN_TO_FAILURE,,On failure,Replace BK1120/NC300 module on failure. Maintain minimum 1 spare module on-site. Monitor communication health via SCADA watchdog alarms.,,,,,,,,,37150.0,1.0,,"Phase 2/3 (MTBF=37150d, eff. MTTR=1.2d, Tier C posterior).","MTBF=37,150d ≈ 102yr. Very long MTBF + very short MTTR (1.2d) → PM incurs Cp with near-zero availability benefit. β≈1 confirmed by posterior. Phase 5: G3a FV=0.178 (rank 7) — FV reflects its appearance in 6/12 MCS but its individual Q is low (0.006)."
Converter,RUN_TO_FAILURE,,On failure,Replace power electronics module on failure. Monitor IGBT junction temperature via SCADA thermal alarms. Keep 1 replacement module in spare parts store.,,,,,,,,,37290.0,1.0,,"Phase 2/3 (MTBF=37290d, eff. MTTR=8.3d, Tier C posterior).","MTBF=37,290d ≈ 102yr, β≈1 (exponential). PM has no β>1 justification. MTTR=8.3d — spare part pre-positioning reduces effective MTTR further."
Cooling System,TIME_DIRECTED,730.0,24 months,Coolant flush + heat exchanger inspection + pump bearing check at 24-month intervals. Verify coolant inhibitor concentration and pH.,,,,,,,,,11000.0,1.0,,Phase 2/3 (MTBF=11000d assumed_placeholder). Standard offshore cooling PM schedule.,"Coolant degradation (inhibitor depletion, corrosion) is time-dependent. OEM interval is typically 2 years for offshore generators/converters."
Grounding/Lightning Protection,TIME_DIRECTED,365.0,12 months,Visual inspection of grounding brushes + earth continuity test (resistance < 1Ω) annually. Check lightning receptor tip wear per IEC 61400-24.,,,,,,,,,14600.0,1.0,,Phase 2/3 (MTBF=14600d assumed_placeholder). IEC 61400-24 inspection interval.,"Annual lightning protection inspection is mandated by IEC 61400-24 Section 8. Low cost, low consequence if caught early; corrosion of grounding brushes is time-dependent."
