beta_G1G2,Q_top_independent,Q_top_ccf_adjusted,Q_CCF_G1G2,ccf_risk_uplift,return_period_ccf
0.0,0.0007690040705441519,0.0007690040705441519,0.0,1.0,1300.3832337225392
0.01,0.0007690040705441519,0.0008126969937333465,0.0017962999999999996,1.0568175447475554,1230.4708983925557
0.02,0.0007690040705441519,0.0008565437177366498,0.003592599999999999,1.1138350894951106,1167.4827323962193
0.03,0.0007690040705441519,0.0009005442425540622,0.0053888999999999986,1.1710526342426661,1110.4396127877828
0.04,0.0007690040705441519,0.0009446985681855831,0.007185199999999998,1.2284701789902215,1058.5387060770406
0.05,0.0007690040705441519,0.000989006694631213,0.008981499999999998,1.2860877237377768,1011.1155014707825
0.06,0.0007690040705441519,0.0010334686218909516,0.010777799999999997,1.3439052684853319,967.6152510274443
0.07,0.0007690040705441519,0.0010780843499647995,0.012574099999999998,1.4019228132328878,927.5712053817041
0.08,0.0007690040705441519,0.001122853878852756,0.014370399999999997,1.4601403579804433,890.5878305570103
0.09,0.0007690040705441519,0.001167777208554821,0.016166699999999996,1.5185579027279983,856.3277247357369
0.1,0.0007690040705441519,0.0012128543390709954,0.017962999999999996,1.5771754474755542,824.5013170880565
0.11,0.0007690040705441519,0.0012580852704012781,0.019759299999999997,1.6359929922231093,794.8586820995373
0.12,0.0007690040705441519,0.00130347000254567,0.021555599999999994,1.695010536970665,767.1829793144493
0.13,0.0007690040705441519,0.0013490085355041706,0.023351899999999995,1.7542280817182203,741.2851540085073
0.14,0.0007690040705441519,0.00139470086927678,0.025148199999999996,1.8136456264657757,716.9996248145658
0.15,0.0007690040705441519,0.001440547003863498,0.026944499999999993,1.873263171213331,694.1807503108431
0.16,0.0007690040705441519,0.0014865469392643252,0.028740799999999993,1.9330807159608865,672.6999152108095
0.17,0.0007690040705441519,0.0015327006754792612,0.030537099999999994,1.993098260708442,652.4431129955034
0.18,0.0007690040705441519,0.001579008212508306,0.03233339999999999,2.0533158054559975,633.3089290343003
0.19,0.0007690040705441519,0.0016254695503514593,0.03412969999999999,2.1137333502035527,615.2068488663966
0.2,0.0007690040705441519,0.0016720846890087215,0.03592599999999999,2.174350894951108,598.0558320839837
