basic_event,parent_component,Q,confidence,IB,CIM,FV,t,FV_rank,IB_rank
G3b: Safety relay/electrical fault,Electrical Safety System,0.02713199999999998,assumed_placeholder,0.023277009272861308,0.8212593922219198,0.8221220274889095,365d,1,1
G2a: Hydraulic supply loss,Hydraulic System,0.10777799999999997,fitted_tier_b,0.005465935078078972,0.7660655819784402,0.7718187130482606,365d,2,3
G1a: Control/Encoder fault,Pitch System,0.08201660687363882,fitted_tier_a,0.004035446271159638,0.430392533744578,0.4499999999999999,365d,3,5
G1b: Battery/Electrical supply fault,Pitch System,0.06379069423505243,fitted_tier_a,0.003956885108882182,0.3282329154972182,0.35000000000000003,365d,4,6
G2b: Brake hardware fault,Mechanical Brake,0.03186360000000001,assumed_placeholder,0.00503733515983262,0.20872143431603238,0.22818128695173942,365d,5,4
G1c: Actuator mechanical failure,Pitch System,0.03645182527717281,fitted_tier_a,0.00384461592887545,0.1822399561526861,0.19999999999999998,365d,6,7
G3a: Communication/fieldbus loss,SCADA/Communication,0.005870400000000009,posterior_informed,0.022779180357641537,0.17389101760784692,0.17787797251109044,365d,7,2
G3b: Safety relay/electrical fault,Electrical Safety System,0.11840920000000002,assumed_placeholder,0.2736254875654992,0.7999129071782011,0.8045436879482741,1825d,1,1
G2a: Hydraulic supply loss,Hydraulic System,0.376932,fitted_tier_b,0.07583669125330228,0.7057373372385511,0.7351173318500918,1825d,2,3
G1a: Control/Encoder fault,Pitch System,0.35793773089163056,fitted_tier_a,0.04026641828681002,0.3558370707004666,0.45000000000000007,1825d,3,5
G1b: Battery/Electrical supply fault,Pitch System,0.27839601291571253,fitted_tier_a,0.03582788947516741,0.24625493698802162,0.34999999999999987,1825d,4,6
G2b: Brake hardware fault,Mechanical Brake,0.13581880000000002,assumed_placeholder,0.054677671240490465,0.1833456487614502,0.2648826681499083,1825d,5,4
G1c: Actuator mechanical failure,Pitch System,0.15908343595183583,fitted_tier_a,0.03074448643232481,0.1207516056828736,0.20000000000000007,1825d,6,7
G3a: Communication/fieldbus loss,SCADA/Communication,0.02876639999999999,posterior_informed,0.24837043578729,0.17639494023044394,0.1954563120517259,1825d,7,2
