g1_fracs,g2_fracs,g3_fracs,Q_top,delta_from_baseline_pct
"(0.45, 0.35, 0.2)","(0.6, 0.4)","(0.6, 0.4)",0.0007690040705441519,0.0
"(0.45, 0.35, 0.2)","(0.6, 0.4)","(0.6, 0.4)",0.0007690040705441519,0.0
"(0.45, 0.35, 0.2)","(0.6, 0.4)","(0.6, 0.39999999999999997)",0.0007690040705441519,0.0
"(0.45, 0.35, 0.2)","(0.6, 0.4)","(0.6, 0.4)",0.0007690040705441519,0.0
"(0.45, 0.35, 0.2)","(0.6, 0.4)","(0.6, 0.4)",0.0007690040705441519,0.0
"(0.45, 0.35, 0.2)","(0.6, 0.4)","(0.6, 0.39999999999999997)",0.0007690040705441519,0.0
"(0.45, 0.35, 0.2)","(0.6, 0.39999999999999997)","(0.6, 0.4)",0.0007690040705441519,0.0
"(0.45, 0.35, 0.2)","(0.6, 0.39999999999999997)","(0.6, 0.4)",0.0007690040705441519,0.0
"(0.45, 0.35, 0.2)","(0.6, 0.39999999999999997)","(0.6, 0.39999999999999997)",0.0007690040705441519,0.0
"(0.45, 0.35, 0.2)","(0.6, 0.4)","(0.6, 0.4)",0.0007690040705441519,0.0
"(0.45, 0.35, 0.2)","(0.6, 0.4)","(0.6, 0.4)",0.0007690040705441519,0.0
"(0.45, 0.35, 0.2)","(0.6, 0.4)","(0.6, 0.39999999999999997)",0.0007690040705441519,0.0
"(0.45, 0.35, 0.2)","(0.6, 0.4)","(0.6, 0.4)",0.0007690040705441519,0.0
"(0.45, 0.35, 0.2)","(0.6, 0.4)","(0.6, 0.4)",0.0007690040705441519,0.0
"(0.45, 0.35, 0.2)","(0.6, 0.4)","(0.6, 0.39999999999999997)",0.0007690040705441519,0.0
"(0.45, 0.35, 0.2)","(0.6, 0.39999999999999997)","(0.6, 0.4)",0.0007690040705441519,0.0
"(0.45, 0.35, 0.2)","(0.6, 0.39999999999999997)","(0.6, 0.4)",0.0007690040705441519,0.0
"(0.45, 0.35, 0.2)","(0.6, 0.39999999999999997)","(0.6, 0.39999999999999997)",0.0007690040705441519,0.0
"(0.45, 0.35000000000000003, 0.19999999999999998)","(0.6, 0.4)","(0.6, 0.4)",0.0007690040705441519,0.0
"(0.45, 0.35000000000000003, 0.19999999999999998)","(0.6, 0.4)","(0.6, 0.4)",0.0007690040705441519,0.0
"(0.45, 0.35000000000000003, 0.19999999999999998)","(0.6, 0.4)","(0.6, 0.39999999999999997)",0.0007690040705441519,0.0
"(0.45, 0.35000000000000003, 0.19999999999999998)","(0.6, 0.4)","(0.6, 0.4)",0.0007690040705441519,0.0
"(0.45, 0.35000000000000003, 0.19999999999999998)","(0.6, 0.4)","(0.6, 0.4)",0.0007690040705441519,0.0
"(0.45, 0.35000000000000003, 0.19999999999999998)","(0.6, 0.4)","(0.6, 0.39999999999999997)",0.0007690040705441519,0.0
"(0.45, 0.35000000000000003, 0.19999999999999998)","(0.6, 0.39999999999999997)","(0.6, 0.4)",0.0007690040705441519,0.0
"(0.45, 0.35000000000000003, 0.19999999999999998)","(0.6, 0.39999999999999997)","(0.6, 0.4)",0.0007690040705441519,0.0
"(0.45, 0.35000000000000003, 0.19999999999999998)","(0.6, 0.39999999999999997)","(0.6, 0.39999999999999997)",0.0007690040705441519,0.0
