k_sigma,cost_rate_per_day,expected_cycle_days,p_preventive,p_corrective,n_preventive,n_corrective,Cp_usd,Cf_usd,cp_cf_ratio
0.5,1004.458680972507,32.13671265078502,0.996,0.004,249,1,30000.0,600000.0,0.05
0.55,934.1138373396439,32.116,1.0,0.0,250,0,30000.0,600000.0,0.05
0.6,992.7420346906139,32.516,0.996,0.004,249,1,30000.0,600000.0,0.05
0.65,979.6067006554989,32.952,0.996,0.004,249,1,30000.0,600000.0,0.05
0.7,984.4501008019621,32.789879318112476,0.996,0.004,249,1,30000.0,600000.0,0.05
0.75,966.0043093129041,33.416,0.996,0.004,249,1,30000.0,600000.0,0.05
0.8,917.3189823874756,32.704,1.0,0.0,250,0,30000.0,600000.0,0.05
0.85,1095.1248513674198,33.64,0.988,0.012,247,3,30000.0,600000.0,0.05
0.9,960.4855986669842,33.608,0.996,0.004,249,1,30000.0,600000.0,0.05
0.95,881.4196732871077,34.036,1.0,0.0,250,0,30000.0,600000.0,0.05
1.0,1069.1337796371354,34.4578019155877,0.988,0.012,247,3,30000.0,600000.0,0.05
1.05,880.3850217161638,34.076,1.0,0.0,250,0,30000.0,600000.0,0.05
1.1,916.6288050885961,35.216,0.996,0.004,249,1,30000.0,600000.0,0.05
1.15,993.4203430050695,37.084,0.988,0.012,247,3,30000.0,600000.0,0.05
1.2,1129.391862781471,36.65689594932967,0.98,0.02,245,5,30000.0,600000.0,0.05
1.25,991.5767541259243,37.15294841948417,0.988,0.012,247,3,30000.0,600000.0,0.05
1.3,1065.9256665112455,36.700495380732335,0.984,0.016,246,4,30000.0,600000.0,0.05
1.35,1026.7716535433071,38.1,0.984,0.016,246,4,30000.0,600000.0,0.05
1.4,1125.1980185655796,38.81983373529573,0.976,0.024,244,6,30000.0,600000.0,0.05
1.45,881.362848107722,39.212,0.992,0.008,248,2,30000.0,600000.0,0.05
1.5,967.0101013639304,40.45459291978724,0.984,0.016,246,4,30000.0,600000.0,0.05
1.55,873.140928340535,42.192501581636975,0.988,0.012,247,3,30000.0,600000.0,0.05
1.6,1110.4802085760641,41.38750033099027,0.972,0.028,243,7,30000.0,600000.0,0.05
1.65,791.9435652814399,43.63947320882406,0.992,0.008,248,2,30000.0,600000.0,0.05
1.7,885.7893306765691,44.164,0.984,0.016,246,4,30000.0,600000.0,0.05
1.75,819.6867212531149,44.944,0.988,0.012,247,3,30000.0,600000.0,0.05
1.8,804.4390558182727,48.63016000659897,0.984,0.016,246,4,30000.0,600000.0,0.05
1.85,1127.4183290676788,50.87729950907751,0.952,0.048,238,12,30000.0,600000.0,0.05
1.9,937.1434801171341,51.47557553723839,0.968,0.032,242,8,30000.0,600000.0,0.05
1.95,969.4320326339896,49.761095544707544,0.968,0.032,242,8,30000.0,600000.0,0.05
2.0,816.9228671181309,56.259901454507784,0.972,0.028,243,7,30000.0,600000.0,0.05
2.05,666.289965086002,62.13510959099656,0.98,0.02,245,5,30000.0,600000.0,0.05
2.1,810.7935328559294,59.497267855701814,0.968,0.032,242,8,30000.0,600000.0,0.05
2.15,564.1061752818858,69.34864696429108,0.984,0.016,246,4,30000.0,600000.0,0.05
2.2,807.0346438115968,68.24985819674241,0.956,0.044,239,11,30000.0,600000.0,0.05
2.25,752.5946846716695,73.1868044271791,0.956,0.044,239,11,30000.0,600000.0,0.05
2.3,629.6158865499237,76.61814295115461,0.968,0.032,242,8,30000.0,600000.0,0.05
2.35,776.2650938746705,88.57798778093897,0.932,0.068,233,17,30000.0,600000.0,0.05
2.4,573.3912823725354,92.08371599499755,0.96,0.04,240,10,30000.0,600000.0,0.05
2.45,537.4114072696756,98.24875186079686,0.96,0.04,240,10,30000.0,600000.0,0.05
2.5,565.9087928364572,105.38800731664095,0.948,0.052,237,13,30000.0,600000.0,0.05
2.55,494.5458725219906,106.7646156477672,0.96,0.04,240,10,30000.0,600000.0,0.05
2.6,624.3434611974361,121.08719750985429,0.92,0.08,230,20,30000.0,600000.0,0.05
2.65,437.9916901837922,141.37254515951395,0.944,0.056,236,14,30000.0,600000.0,0.05
2.7,400.2696297343483,160.39188394734913,0.94,0.06,235,15,30000.0,600000.0,0.05
2.75,430.2079900553527,165.12942958325726,0.928,0.072,232,18,30000.0,600000.0,0.05
2.8,507.4180679516655,175.94958800029258,0.896,0.104,224,26,30000.0,600000.0,0.05
2.85,416.8634435491946,219.64027169294081,0.892,0.108,223,27,30000.0,600000.0,0.05
2.9,360.5727068025328,234.9595474135451,0.904,0.096,226,24,30000.0,600000.0,0.05
2.95,360.00486275341746,254.32989793449903,0.892,0.108,223,27,30000.0,600000.0,0.05
3.0,442.42018057818336,263.640776620016,0.848,0.152,212,38,30000.0,600000.0,0.05
3.05,300.31004632139513,312.4770587913379,0.888,0.112,222,28,30000.0,600000.0,0.05
3.1,310.43057256864677,339.01300097215085,0.868,0.132,217,33,30000.0,600000.0,0.05
3.15,379.30133894221416,409.70063652655574,0.78,0.22,195,55,30000.0,600000.0,0.05
3.2,396.46233493411694,368.9631702953786,0.796,0.204,199,51,30000.0,600000.0,0.05
3.25,492.3596247045882,389.71513985357035,0.716,0.284,179,71,30000.0,600000.0,0.05
3.3,417.1892271894178,405.283715351624,0.756,0.244,189,61,30000.0,600000.0,0.05
3.35,374.92274553530785,530.0291923240645,0.704,0.296,176,74,30000.0,600000.0,0.05
3.4,339.6020300311007,565.0142903516438,0.716,0.284,179,71,30000.0,600000.0,0.05
3.45,326.15054875154095,574.3359951931246,0.724,0.276,181,69,30000.0,600000.0,0.05
3.5,336.2380462576971,685.9426009846446,0.648,0.352,162,88,30000.0,600000.0,0.05
3.55,284.4480888544152,762.740227483277,0.672,0.328,168,82,30000.0,600000.0,0.05
3.6,319.49277553619936,786.1210619817065,0.612,0.388,153,97,30000.0,600000.0,0.05
3.65,312.09662530791104,790.1399118196398,0.62,0.38,155,95,30000.0,600000.0,0.05
3.7,377.3419062492862,768.3217665425901,0.544,0.456,136,114,30000.0,600000.0,0.05
3.75,276.5083481631538,883.5899589398252,0.624,0.376,156,94,30000.0,600000.0,0.05
3.8,307.49622540056464,994.7439179181494,0.516,0.484,129,121,30000.0,600000.0,0.05
3.85,289.6369032746745,1119.0562954356121,0.484,0.516,121,129,30000.0,600000.0,0.05
3.9,283.3294016224107,1240.5348614981112,0.436,0.564,109,141,30000.0,600000.0,0.05
3.95,334.3752712113118,1201.165380875847,0.348,0.652,87,163,30000.0,600000.0,0.05
4.0,270.08282386968835,1385.797121925034,0.396,0.604,99,151,30000.0,600000.0,0.05
0.5,1934.2364191217791,32.13671265078502,0.996,0.004,249,1,60000.0,600000.0,0.1
0.55,1868.2276746792877,32.116,1.0,0.0,250,0,60000.0,600000.0,0.1
0.6,1911.6742526756059,32.516,0.996,0.004,249,1,60000.0,600000.0,0.1
0.65,1886.3801893663513,32.952,0.996,0.004,249,1,60000.0,600000.0,0.1
0.7,1895.7068855591688,32.789879318112476,0.996,0.004,249,1,60000.0,600000.0,0.1
0.75,1860.1867368925068,33.416,0.996,0.004,249,1,60000.0,600000.0,0.1
0.8,1834.6379647749511,32.704,1.0,0.0,250,0,60000.0,600000.0,0.1
0.85,1976.218787158145,33.64,0.988,0.012,247,3,60000.0,600000.0,0.1
0.9,1849.5596286598432,33.608,0.996,0.004,249,1,60000.0,600000.0,0.1
0.95,1762.8393465742154,34.036,1.0,0.0,250,0,60000.0,600000.0,0.1
1.0,1929.3163319836253,34.4578019155877,0.988,0.012,247,3,60000.0,600000.0,0.1
1.05,1760.7700434323276,34.076,1.0,0.0,250,0,60000.0,600000.0,0.1
1.1,1765.1067696501589,35.216,0.996,0.004,249,1,60000.0,600000.0,0.1
1.15,1792.6868730449787,37.084,0.988,0.012,247,3,60000.0,600000.0,0.1
1.2,1931.4237653364287,36.65689594932967,0.98,0.02,245,5,60000.0,600000.0,0.1
1.25,1789.3600058168145,37.15294841948417,0.988,0.012,247,3,60000.0,600000.0,0.1
1.3,1870.2744823448847,36.700495380732335,0.984,0.016,246,4,60000.0,600000.0,0.1
1.35,1801.5748031496062,38.1,0.984,0.016,246,4,60000.0,600000.0,0.1
1.4,1879.451635406243,38.81983373529573,0.976,0.024,244,6,60000.0,600000.0,0.1
1.45,1640.314189533816,39.212,0.992,0.008,248,2,60000.0,600000.0,0.1
1.5,1696.7171103686142,40.45459291978724,0.984,0.016,246,4,60000.0,600000.0,0.1
1.55,1575.6354211747766,42.192501581636975,0.988,0.012,247,3,60000.0,600000.0,0.1
1.6,1815.040758664794,41.38750033099027,0.972,0.028,243,7,60000.0,600000.0,0.1
1.65,1473.8949687182353,43.63947320882406,0.992,0.008,248,2,60000.0,600000.0,0.1
1.7,1554.2070464631827,44.164,0.984,0.016,246,4,60000.0,600000.0,0.1
1.75,1479.1740833036667,44.944,0.988,0.012,247,3,60000.0,600000.0,0.1
1.8,1411.4697543805275,48.63016000659897,0.984,0.016,246,4,60000.0,600000.0,0.1
1.85,1688.7688778503305,50.87729950907751,0.952,0.048,238,12,60000.0,600000.0,0.1
1.9,1501.2945303369013,51.47557553723839,0.968,0.032,242,8,60000.0,600000.0,0.1
1.95,1553.0204701897744,49.761095544707544,0.968,0.032,242,8,60000.0,600000.0,0.1
2.0,1335.2316313732374,56.259901454507784,0.972,0.028,243,7,60000.0,600000.0,0.1
2.05,1139.4524040601193,62.13510959099656,0.98,0.02,245,5,60000.0,600000.0,0.1
2.1,1298.883172037857,59.497267855701814,0.968,0.032,242,8,60000.0,600000.0,0.1
2.15,989.7813873044131,69.34864696429108,0.984,0.016,246,4,60000.0,600000.0,0.1
2.2,1227.2552971252605,68.24985819674241,0.956,0.044,239,11,60000.0,600000.0,0.1
2.25,1144.4686054484212,73.1868044271791,0.956,0.044,239,11,60000.0,600000.0,0.1
2.3,1008.6383854182858,76.61814295115461,0.968,0.032,242,8,60000.0,600000.0,0.1
2.35,1091.9191372826951,88.57798778093897,0.932,0.068,233,17,60000.0,600000.0,0.1
2.4,886.1501636666458,92.08371599499755,0.96,0.04,240,10,60000.0,600000.0,0.1
2.45,830.5449021440442,98.24875186079686,0.96,0.04,240,10,60000.0,600000.0,0.1
2.5,835.7687202051501,105.38800731664095,0.948,0.052,237,13,60000.0,600000.0,0.1
2.55,764.2981666248945,106.7646156477672,0.96,0.04,240,10,60000.0,600000.0,0.1
2.6,852.2783756028493,121.08719750985429,0.92,0.08,230,20,60000.0,600000.0,0.1
2.65,638.3134709655266,141.37254515951395,0.944,0.056,236,14,60000.0,600000.0,0.1
2.7,576.088999804576,160.39188394734913,0.94,0.06,235,15,60000.0,600000.0,0.1
2.75,598.8030131851531,165.12942958325726,0.928,0.072,232,18,60000.0,600000.0,0.1
2.8,660.1890991629195,175.94958800029258,0.896,0.104,224,26,60000.0,600000.0,0.1
2.85,538.6990240360497,219.64027169294081,0.892,0.108,223,27,60000.0,600000.0,0.1
2.9,475.9968310764314,234.9595474135451,0.904,0.096,226,24,60000.0,600000.0,0.1
2.95,465.2225356158187,254.32989793449903,0.892,0.108,223,27,60000.0,600000.0,0.1
3.0,538.9151170828901,263.640776620016,0.848,0.152,212,38,60000.0,600000.0,0.1
3.05,385.5643049957554,312.4770587913379,0.888,0.112,222,28,60000.0,600000.0,0.1
3.1,387.2417860776506,339.01300097215085,0.868,0.132,217,33,60000.0,600000.0,0.1
3.15,436.41621237366724,409.70063652655574,0.78,0.22,195,55,60000.0,600000.0,0.1
3.2,461.1842419496126,368.9631702953786,0.796,0.204,199,51,60000.0,600000.0,0.1
3.25,547.4768059566966,389.71513985357035,0.716,0.284,179,71,60000.0,600000.0,0.1
3.3,473.15002487486845,405.283715351624,0.756,0.244,189,61,60000.0,600000.0,0.1
3.35,414.7696073796401,530.0291923240645,0.704,0.296,176,74,60000.0,600000.0,0.1
3.4,377.6187676018118,565.0142903516438,0.716,0.284,179,71,60000.0,600000.0,0.1
3.45,363.96813319999,574.3359951931246,0.724,0.276,181,69,60000.0,600000.0,0.1
3.5,364.57860999013565,685.9426009846446,0.648,0.352,162,88,60000.0,600000.0,0.1
3.55,310.8791059603564,762.740227483277,0.672,0.328,168,82,60000.0,600000.0,0.1
3.6,342.847956929911,786.1210619817065,0.612,0.388,153,97,60000.0,600000.0,0.1
3.65,335.63676006349556,790.1399118196398,0.62,0.38,155,95,60000.0,600000.0,0.1
3.7,398.58300693219303,768.3217665425901,0.544,0.456,136,114,60000.0,600000.0,0.1
3.75,297.6946459595448,883.5899589398252,0.624,0.376,156,94,60000.0,600000.0,0.1
3.8,323.0580194675214,994.7439179181494,0.516,0.484,129,121,60000.0,600000.0,0.1
3.85,302.6121218219665,1119.0562954356121,0.484,0.516,121,129,60000.0,600000.0,0.1
3.9,293.8732407404861,1240.5348614981112,0.436,0.564,109,141,60000.0,600000.0,0.1
3.95,343.06683039726465,1201.165380875847,0.348,0.652,87,163,60000.0,600000.0,0.1
4.0,278.6555072820318,1385.797121925034,0.396,0.604,99,151,60000.0,600000.0,0.1
0.5,2864.0141572710513,32.13671265078502,0.996,0.004,249,1,90000.0,600000.0,0.15
0.55,2802.3415120189316,32.116,1.0,0.0,250,0,90000.0,600000.0,0.15
0.6,2830.606470660598,32.516,0.996,0.004,249,1,90000.0,600000.0,0.15
0.65,2793.1536780772035,32.952,0.996,0.004,249,1,90000.0,600000.0,0.15
0.7,2806.963670316375,32.789879318112476,0.996,0.004,249,1,90000.0,600000.0,0.15
0.75,2754.3691644721093,33.416,0.996,0.004,249,1,90000.0,600000.0,0.15
0.8,2751.956947162427,32.704,1.0,0.0,250,0,90000.0,600000.0,0.15
0.85,2857.3127229488705,33.64,0.988,0.012,247,3,90000.0,600000.0,0.15
0.9,2738.633658652702,33.608,0.996,0.004,249,1,90000.0,600000.0,0.15
0.95,2644.2590198613234,34.036,1.0,0.0,250,0,90000.0,600000.0,0.15
1.0,2789.4988843301153,34.4578019155877,0.988,0.012,247,3,90000.0,600000.0,0.15
1.05,2641.1550651484918,34.076,1.0,0.0,250,0,90000.0,600000.0,0.15
1.1,2613.5847342117218,35.216,0.996,0.004,249,1,90000.0,600000.0,0.15
1.15,2591.953403084888,37.084,0.988,0.012,247,3,90000.0,600000.0,0.15
1.2,2733.4556678913864,36.65689594932967,0.98,0.02,245,5,90000.0,600000.0,0.15
1.25,2587.1432575077047,37.15294841948417,0.988,0.012,247,3,90000.0,600000.0,0.15
1.3,2674.623298178524,36.700495380732335,0.984,0.016,246,4,90000.0,600000.0,0.15
1.35,2576.3779527559054,38.1,0.984,0.016,246,4,90000.0,600000.0,0.15
1.4,2633.705252246906,38.81983373529573,0.976,0.024,244,6,90000.0,600000.0,0.15
1.45,2399.26553095991,39.212,0.992,0.008,248,2,90000.0,600000.0,0.15
1.5,2426.424119373298,40.45459291978724,0.984,0.016,246,4,90000.0,600000.0,0.15
1.55,2278.129914009018,42.192501581636975,0.988,0.012,247,3,90000.0,600000.0,0.15
1.6,2519.6013087535243,41.38750033099027,0.972,0.028,243,7,90000.0,600000.0,0.15
1.65,2155.8463721550306,43.63947320882406,0.992,0.008,248,2,90000.0,600000.0,0.15
1.7,2222.6247622497963,44.164,0.984,0.016,246,4,90000.0,600000.0,0.15
1.75,2138.6614453542184,44.944,0.988,0.012,247,3,90000.0,600000.0,0.15
1.8,2018.5004529427824,48.63016000659897,0.984,0.016,246,4,90000.0,600000.0,0.15
1.85,2250.119426632982,50.87729950907751,0.952,0.048,238,12,90000.0,600000.0,0.15
1.9,2065.4455805566686,51.47557553723839,0.968,0.032,242,8,90000.0,600000.0,0.15
1.95,2136.6089077455595,49.761095544707544,0.968,0.032,242,8,90000.0,600000.0,0.15
2.0,1853.540395628344,56.259901454507784,0.972,0.028,243,7,90000.0,600000.0,0.15
2.05,1612.6148430342366,62.13510959099656,0.98,0.02,245,5,90000.0,600000.0,0.15
2.1,1786.9728112197847,59.497267855701814,0.968,0.032,242,8,90000.0,600000.0,0.15
2.15,1415.4565993269405,69.34864696429108,0.984,0.016,246,4,90000.0,600000.0,0.15
2.2,1647.4759504389242,68.24985819674241,0.956,0.044,239,11,90000.0,600000.0,0.15
2.25,1536.3425262251728,73.1868044271791,0.956,0.044,239,11,90000.0,600000.0,0.15
2.3,1387.6608842866478,76.61814295115461,0.968,0.032,242,8,90000.0,600000.0,0.15
2.35,1407.5731806907202,88.57798778093897,0.932,0.068,233,17,90000.0,600000.0,0.15
2.4,1198.909044960756,92.08371599499755,0.96,0.04,240,10,90000.0,600000.0,0.15
2.45,1123.6783970184126,98.24875186079686,0.96,0.04,240,10,90000.0,600000.0,0.15
2.5,1105.628647573843,105.38800731664095,0.948,0.052,237,13,90000.0,600000.0,0.15
2.55,1034.0504607277985,106.7646156477672,0.96,0.04,240,10,90000.0,600000.0,0.15
2.6,1080.2132900082624,121.08719750985429,0.92,0.08,230,20,90000.0,600000.0,0.15
2.65,838.635251747261,141.37254515951395,0.944,0.056,236,14,90000.0,600000.0,0.15
2.7,751.9083698748038,160.39188394734913,0.94,0.06,235,15,90000.0,600000.0,0.15
2.75,767.3980363149534,165.12942958325726,0.928,0.072,232,18,90000.0,600000.0,0.15
2.8,812.9601303741737,175.94958800029258,0.896,0.104,224,26,90000.0,600000.0,0.15
2.85,660.5346045229047,219.64027169294081,0.892,0.108,223,27,90000.0,600000.0,0.15
2.9,591.42095535033,234.9595474135451,0.904,0.096,226,24,90000.0,600000.0,0.15
2.95,570.4402084782198,254.32989793449903,0.892,0.108,223,27,90000.0,600000.0,0.15
3.0,635.4100535875967,263.640776620016,0.848,0.152,212,38,90000.0,600000.0,0.15
3.05,470.8185636701156,312.4770587913379,0.888,0.112,222,28,90000.0,600000.0,0.15
3.1,464.05299958665444,339.01300097215085,0.868,0.132,217,33,90000.0,600000.0,0.15
3.15,493.5310858051203,409.70063652655574,0.78,0.22,195,55,90000.0,600000.0,0.15
3.2,525.9061489651083,368.9631702953786,0.796,0.204,199,51,90000.0,600000.0,0.15
3.25,602.593987208805,389.71513985357035,0.716,0.284,179,71,90000.0,600000.0,0.15
3.3,529.1108225603191,405.283715351624,0.756,0.244,189,61,90000.0,600000.0,0.15
3.35,454.61646922397233,530.0291923240645,0.704,0.296,176,74,90000.0,600000.0,0.15
3.4,415.63550517252287,565.0142903516438,0.716,0.284,179,71,90000.0,600000.0,0.15
3.45,401.785717648439,574.3359951931246,0.724,0.276,181,69,90000.0,600000.0,0.15
3.5,392.9191737225742,685.9426009846446,0.648,0.352,162,88,90000.0,600000.0,0.15
3.55,337.31012306629765,762.740227483277,0.672,0.328,168,82,90000.0,600000.0,0.15
3.6,366.2031383236227,786.1210619817065,0.612,0.388,153,97,90000.0,600000.0,0.15
3.65,359.17689481908013,790.1399118196398,0.62,0.38,155,95,90000.0,600000.0,0.15
3.7,419.8241076150999,768.3217665425901,0.544,0.456,136,114,90000.0,600000.0,0.15
3.75,318.8809437559358,883.5899589398252,0.624,0.376,156,94,90000.0,600000.0,0.15
3.8,338.61981353447817,994.7439179181494,0.516,0.484,129,121,90000.0,600000.0,0.15
3.85,315.58734036925847,1119.0562954356121,0.484,0.516,121,129,90000.0,600000.0,0.15
3.9,304.41707985856146,1240.5348614981112,0.436,0.564,109,141,90000.0,600000.0,0.15
3.95,351.7583895832175,1201.165380875847,0.348,0.652,87,163,90000.0,600000.0,0.15
4.0,287.2281906943752,1385.797121925034,0.396,0.604,99,151,90000.0,600000.0,0.15
0.5,3793.7918954203237,32.13671265078502,0.996,0.004,249,1,120000.0,600000.0,0.2
0.55,3736.4553493585754,32.116,1.0,0.0,250,0,120000.0,600000.0,0.2
0.6,3749.53868864559,32.516,0.996,0.004,249,1,120000.0,600000.0,0.2
0.65,3699.9271667880557,32.952,0.996,0.004,249,1,120000.0,600000.0,0.2
0.7,3718.220455073582,32.789879318112476,0.996,0.004,249,1,120000.0,600000.0,0.2
0.75,3648.5515920517123,33.416,0.996,0.004,249,1,120000.0,600000.0,0.2
0.8,3669.2759295499022,32.704,1.0,0.0,250,0,120000.0,600000.0,0.2
0.85,3738.4066587395955,33.64,0.988,0.012,247,3,120000.0,600000.0,0.2
0.9,3627.707688645561,33.608,0.996,0.004,249,1,120000.0,600000.0,0.2
0.95,3525.6786931484307,34.036,1.0,0.0,250,0,120000.0,600000.0,0.2
1.0,3649.6814366766052,34.4578019155877,0.988,0.012,247,3,120000.0,600000.0,0.2
1.05,3521.540086864655,34.076,1.0,0.0,250,0,120000.0,600000.0,0.2
1.1,3462.062698773285,35.216,0.996,0.004,249,1,120000.0,600000.0,0.2
1.15,3391.2199331247975,37.084,0.988,0.012,247,3,120000.0,600000.0,0.2
1.2,3535.4875704463443,36.65689594932967,0.98,0.02,245,5,120000.0,600000.0,0.2
1.25,3384.926509198595,37.15294841948417,0.988,0.012,247,3,120000.0,600000.0,0.2
1.3,3478.9721140121633,36.700495380732335,0.984,0.016,246,4,120000.0,600000.0,0.2
1.35,3351.1811023622045,38.1,0.984,0.016,246,4,120000.0,600000.0,0.2
1.4,3387.9588690875694,38.81983373529573,0.976,0.024,244,6,120000.0,600000.0,0.2
1.45,3158.216872386004,39.212,0.992,0.008,248,2,120000.0,600000.0,0.2
1.5,3156.1311283779814,40.45459291978724,0.984,0.016,246,4,120000.0,600000.0,0.2
1.55,2980.6244068432597,42.192501581636975,0.988,0.012,247,3,120000.0,600000.0,0.2
1.6,3224.1618588422543,41.38750033099027,0.972,0.028,243,7,120000.0,600000.0,0.2
1.65,2837.797775591826,43.63947320882406,0.992,0.008,248,2,120000.0,600000.0,0.2
1.7,2891.0424780364096,44.164,0.984,0.016,246,4,120000.0,600000.0,0.2
1.75,2798.14880740477,44.944,0.988,0.012,247,3,120000.0,600000.0,0.2
1.8,2625.531151505037,48.63016000659897,0.984,0.016,246,4,120000.0,600000.0,0.2
1.85,2811.469975415634,50.87729950907751,0.952,0.048,238,12,120000.0,600000.0,0.2
1.9,2629.596630776436,51.47557553723839,0.968,0.032,242,8,120000.0,600000.0,0.2
1.95,2720.197345301344,49.761095544707544,0.968,0.032,242,8,120000.0,600000.0,0.2
2.0,2371.8491598834503,56.259901454507784,0.972,0.028,243,7,120000.0,600000.0,0.2
2.05,2085.7772820083537,62.13510959099656,0.98,0.02,245,5,120000.0,600000.0,0.2
2.1,2275.0624504017123,59.497267855701814,0.968,0.032,242,8,120000.0,600000.0,0.2
2.15,1841.1318113494679,69.34864696429108,0.984,0.016,246,4,120000.0,600000.0,0.2
2.2,2067.696603752588,68.24985819674241,0.956,0.044,239,11,120000.0,600000.0,0.2
2.25,1928.2164470019245,73.1868044271791,0.956,0.044,239,11,120000.0,600000.0,0.2
2.3,1766.6833831550098,76.61814295115461,0.968,0.032,242,8,120000.0,600000.0,0.2
2.35,1723.227224098745,88.57798778093897,0.932,0.068,233,17,120000.0,600000.0,0.2
2.4,1511.6679262548662,92.08371599499755,0.96,0.04,240,10,120000.0,600000.0,0.2
2.45,1416.8118918927812,98.24875186079686,0.96,0.04,240,10,120000.0,600000.0,0.2
2.5,1375.4885749425357,105.38800731664095,0.948,0.052,237,13,120000.0,600000.0,0.2
2.55,1303.8027548307025,106.7646156477672,0.96,0.04,240,10,120000.0,600000.0,0.2
2.6,1308.1482044136758,121.08719750985429,0.92,0.08,230,20,120000.0,600000.0,0.2
2.65,1038.9570325289953,141.37254515951395,0.944,0.056,236,14,120000.0,600000.0,0.2
2.7,927.7277399450315,160.39188394734913,0.94,0.06,235,15,120000.0,600000.0,0.2
2.75,935.9930594447538,165.12942958325726,0.928,0.072,232,18,120000.0,600000.0,0.2
2.8,965.7311615854278,175.94958800029258,0.896,0.104,224,26,120000.0,600000.0,0.2
2.85,782.3701850097598,219.64027169294081,0.892,0.108,223,27,120000.0,600000.0,0.2
2.9,706.8450796242286,234.9595474135451,0.904,0.096,226,24,120000.0,600000.0,0.2
2.95,675.657881340621,254.32989793449903,0.892,0.108,223,27,120000.0,600000.0,0.2
3.0,731.9049900923034,263.640776620016,0.848,0.152,212,38,120000.0,600000.0,0.2
3.05,556.0728223444759,312.4770587913379,0.888,0.112,222,28,120000.0,600000.0,0.2
3.1,540.8642130956582,339.01300097215085,0.868,0.132,217,33,120000.0,600000.0,0.2
3.15,550.6459592365734,409.70063652655574,0.78,0.22,195,55,120000.0,600000.0,0.2
3.2,590.628055980604,368.9631702953786,0.796,0.204,199,51,120000.0,600000.0,0.2
3.25,657.7111684609133,389.71513985357035,0.716,0.284,179,71,120000.0,600000.0,0.2
3.3,585.0716202457697,405.283715351624,0.756,0.244,189,61,120000.0,600000.0,0.2
3.35,494.46333106830457,530.0291923240645,0.704,0.296,176,74,120000.0,600000.0,0.2
3.4,453.65224274323396,565.0142903516438,0.716,0.284,179,71,120000.0,600000.0,0.2
3.45,439.60330209688806,574.3359951931246,0.724,0.276,181,69,120000.0,600000.0,0.2
3.5,421.2597374550128,685.9426009846446,0.648,0.352,162,88,120000.0,600000.0,0.2
3.55,363.7411401722389,762.740227483277,0.672,0.328,168,82,120000.0,600000.0,0.2
3.6,389.5583197173343,786.1210619817065,0.612,0.388,153,97,120000.0,600000.0,0.2
3.65,382.71702957466465,790.1399118196398,0.62,0.38,155,95,120000.0,600000.0,0.2
3.7,441.0652082980067,768.3217665425901,0.544,0.456,136,114,120000.0,600000.0,0.2
3.75,340.0672415523267,883.5899589398252,0.624,0.376,156,94,120000.0,600000.0,0.2
3.8,354.18160760143496,994.7439179181494,0.516,0.484,129,121,120000.0,600000.0,0.2
3.85,328.5625589165505,1119.0562954356121,0.484,0.516,121,129,120000.0,600000.0,0.2
3.9,314.96091897663683,1240.5348614981112,0.436,0.564,109,141,120000.0,600000.0,0.2
3.95,360.4499487691703,1201.165380875847,0.348,0.652,87,163,120000.0,600000.0,0.2
4.0,295.80087410671865,1385.797121925034,0.396,0.604,99,151,120000.0,600000.0,0.2
