turbine_id,component,duration_days,event_observed,wind_speed_mean_mps,vibration_rms_ms2,ambient_temp_C,synthetic
1,Pitch System,4353.531201687994,0,4.295264114203266,1.2662807295500977,15.907882168720434,True
2,Pitch System,1169.0768621725076,1,7.700283247672582,1.8744476635164005,12.032723743699215,True
3,Pitch System,2318.5936809231594,1,3.3131144412656903,1.2782910485024719,19.723421480280575,True
4,Pitch System,2550.8189693206323,0,5.094293198897193,1.6119248999840747,10.022529693004142,True
5,Pitch System,3800.968699799318,1,13.042447730823616,2.341917875811349,18.67907630712562,True
6,Pitch System,1436.0126200287143,0,3.0,1.0556086082493947,3.74728682543934,True
7,Pitch System,110.8858216446375,1,4.433008233675045,1.2983821655089305,10.122251097408743,True
8,Pitch System,1089.5064924473609,1,4.163123912765504,1.3359493882225437,5.725055813101217,True
9,Pitch System,925.3384831604252,1,12.163400472715907,2.2860940604939652,19.79339879325196,True
10,Pitch System,4601.647527899509,1,7.578313171736396,1.5467393697733627,10.137103430295737,True
11,Pitch System,2575.802069186202,1,8.451688571291086,1.8277760957991116,17.41470856628537,True
12,Pitch System,3587.2290773383966,1,3.0,1.194234249520836,8.67709535099651,True
13,Pitch System,507.82872649194974,1,5.6302000967205785,1.8532451172365574,7.426332727642681,True
14,Pitch System,307.2676489678295,1,3.7478516348797,1.5312688878778147,4.741116488275754,True
15,Pitch System,86.34493696841228,0,7.652063061570768,1.5902610648046691,4.852897561916866,True
16,Pitch System,25.09460236399451,1,10.328906074272927,1.996361224680375,18.38179779821455,True
17,Pitch System,42.17180379771855,1,6.515102572060433,1.3622960083717015,9.324280545553927,True
18,Pitch System,53.746297961885176,1,14.075676859078614,2.400475170994911,15.680875526647224,True
19,Pitch System,7454.604055981592,1,3.69073327631373,1.2902287436961988,13.088758818976727,True
20,Pitch System,4293.47461884028,1,5.75122481513968,1.6710250209499966,13.183508863983956,True
21,Pitch System,2553.448652981929,0,4.465517064370472,1.2264994720629152,13.931549553821293,True
22,Pitch System,1186.6315878361856,1,8.640723648271049,1.7387648717823563,21.081016254781446,True
23,Pitch System,8863.03418196425,1,3.0,0.8379066455392019,18.22526610363907,True
24,Pitch System,508.05656249026566,1,3.0,1.135600111918264,9.089440248218128,True
25,Pitch System,1383.4850497323318,1,4.247185934051051,1.1503001503071917,8.824568671361092,True
26,Pitch System,864.1560947742082,1,10.855226196690856,2.023211229497992,6.692380680846515,True
27,Pitch System,3908.439551624934,1,7.407138503041274,1.5573275036398146,14.424796033158747,True
28,Pitch System,1318.7757842482902,1,15.007283403937782,2.58673462533465,13.046058536486857,True
29,Pitch System,2996.6428916412187,1,11.60011089718148,1.9283540489582829,21.924609769709875,True
30,Pitch System,428.2504450501333,1,5.238853869410649,1.2086056775206293,8.658887328645468,True
31,Pitch System,1348.1724549886046,1,4.606268154165074,1.6721392453040536,25.25719780768656,True
32,Pitch System,1065.5896130361048,1,3.0,0.9668866128088955,14.847568443418018,True
33,Pitch System,651.9612150565856,0,8.98556343098576,1.7137497749500954,16.89356613795089,True
34,Pitch System,1566.6008701364456,1,8.455575846606907,2.0902061308410262,12.87719685868659,True
35,Pitch System,831.0412309801585,0,7.37764895986618,2.121077950570003,21.948053433100284,True
36,Pitch System,351.26021228992,0,10.944096727464878,1.9375566129719841,10.045098657197423,True
37,Pitch System,332.82691227059,1,12.121855747044078,2.199385346127085,11.916558072002353,True
38,Pitch System,757.8917391318276,0,7.31388688931395,1.7288997593587503,3.057743780126357,True
39,Pitch System,53.62969024462143,0,10.333960387703991,2.2993798931853178,4.500494089615684,True
40,Pitch System,4652.171206471662,0,5.371626960359443,1.2965666734788974,4.258979774026933,True
41,Pitch System,233.68359577996583,1,7.718689284967644,1.6894510373048006,21.29458999290673,True
42,Pitch System,6054.912192923722,1,3.6309472884379934,1.3523143110218208,7.966182119229915,True
43,Pitch System,1707.1354792130317,0,5.064911992436658,1.473004350262392,8.42170135025853,True
44,Pitch System,293.4302877962984,1,9.153009925130538,1.8419377803311496,14.279663895536864,True
45,Pitch System,4802.483185072922,1,3.635926985524609,1.2162377935855468,7.092466844650539,True
46,Pitch System,2851.981354714365,0,3.954594201378975,1.0683169329099798,17.52858840319037,True
47,Pitch System,1462.373384705813,0,8.262133889096194,1.7557300050953435,13.740473406483172,True
48,Pitch System,2079.9250103709496,1,9.46272932207977,1.895569395148229,-1.601549990867877,True
49,Pitch System,778.9742259876332,1,5.244421078246523,1.4641560128335211,4.69584271771469,True
50,Pitch System,204.70269112322515,1,11.903257220686045,2.145091783659473,6.236581859771707,True
51,Pitch System,176.2764745670397,1,10.766270681654087,2.1626832601802612,6.016515089535341,True
52,Pitch System,149.6673191795208,0,18.804783015671845,3.208481334553596,8.574519794258983,True
53,Pitch System,1578.7100961831845,1,4.153656820524688,1.3217532176132327,2.10164720722411,True
54,Pitch System,3483.9133026536015,1,5.421241816065273,1.5033124791877133,18.85019736504848,True
55,Pitch System,1003.819034219537,0,5.015102245504355,1.4097855715972027,7.958205684573173,True
56,Pitch System,4959.250098079809,1,4.22160563382471,1.3066053350226774,11.681754843275487,True
57,Pitch System,132.0790044941634,1,7.48865661216386,1.5904050884282361,14.745686346384744,True
58,Pitch System,263.3955738045505,1,6.374303473365822,1.612390556054895,15.357213520952454,True
59,Pitch System,314.1235536494526,1,11.902293996806137,2.213682289854713,7.922523282085335,True
60,Pitch System,683.911470115206,1,12.490719932989691,2.612861638298352,12.296847975405568,True
61,Pitch System,1056.283204005526,0,5.385741516229174,1.6822922173187875,17.576043817181464,True
62,Pitch System,686.9405335932329,0,7.361650096802543,1.7412749944997803,20.30446547156195,True
63,Pitch System,1531.017615603954,1,6.409122079000577,1.454636068025854,18.527880319803142,True
64,Pitch System,655.8338991694222,0,4.391745392050721,1.160147726248574,20.98266254504773,True
65,Pitch System,3974.360215466841,0,5.7209549702795535,1.6651860393968763,3.974313905197372,True
66,Pitch System,2025.49268400214,0,6.525121158406508,1.6224269227808519,14.491152872224612,True
67,Pitch System,33.40848059457713,0,6.469075696111277,1.6483105940420948,2.3345132740097467,True
68,Pitch System,1308.038963900076,1,9.259816706367388,1.6494901067179577,5.696538147409693,True
69,Pitch System,40.7833932542486,1,15.82831776520408,2.8385139040582166,17.22661915981392,True
70,Pitch System,3485.7869151753075,1,7.723326224824021,1.794962197711037,15.537476179942656,True
71,Pitch System,780.4615636397447,0,10.526711874401848,1.8966408222660498,3.354913109446329,True
72,Pitch System,3244.2048268888334,1,8.028319490787732,1.6926696177770355,19.178739658889278,True
73,Pitch System,4165.396171968044,1,3.3784135487170817,1.2449672064995279,17.12618736242594,True
74,Pitch System,5072.303634622512,1,10.22711503419787,2.035123823857181,7.378400971102749,True
75,Pitch System,2194.2869236428432,1,14.304951711983488,2.4727685275674856,11.531603040226887,True
76,Pitch System,135.21852232593724,1,9.555027327640829,1.9310800391070053,6.897083946104905,True
77,Pitch System,1923.8822735524182,1,9.39362515382599,1.889438411728086,13.718439903520457,True
78,Pitch System,903.9490762292194,0,5.450535808626357,1.4769486738505333,0.8641961426688178,True
79,Pitch System,875.3856553228314,0,6.490726214717976,1.799610941715131,2.004760741192853,True
80,Pitch System,3263.26847779227,1,4.186917645677438,0.9174313513415978,20.83545925784558,True
81,Pitch System,1364.5773968805395,0,5.4266080566160015,1.4156654271174676,6.513985516459169,True
82,Pitch System,3159.1406470375723,1,8.05185564270364,1.7926995403303037,14.457115132818414,True
83,Pitch System,33.039448098148824,1,3.84908179840648,1.3062889142618426,16.886347482666007,True
84,Pitch System,269.45270397347934,1,11.352290596561993,2.1064876843892457,7.945300839519291,True
85,Pitch System,297.2284441874677,1,16.507871518246276,2.517436314817766,19.97330825699371,True
86,Pitch System,889.1880274372579,1,13.165629699315431,2.429074886474968,19.054714354752555,True
87,Pitch System,1979.0990731484487,0,4.839084984258383,1.6397927302356337,6.519514844097979,True
88,Pitch System,93.45866182313087,0,7.4576701066261535,1.4648412020577177,10.985011991707289,True
89,Pitch System,1325.9757691434431,1,11.461929477315897,2.305005739332636,9.939658547904468,True
90,Pitch System,5995.261475922834,1,7.053815021017639,1.5971790190536825,5.6157343460305285,True
91,Pitch System,1181.4034697847244,0,11.640072853277164,2.1876100905189326,13.458232038912083,True
92,Pitch System,666.7285707722174,1,5.104906455432145,1.254653998046265,20.232448851651846,True
93,Pitch System,935.5860938446815,1,7.623004107067835,1.6645920669947587,10.50617308837558,True
94,Pitch System,471.0455216263919,1,8.33503533036853,1.9952109288490676,11.380916791621452,True
95,Pitch System,387.0965694511737,1,9.291073781854422,2.002327140120687,18.36056354709526,True
96,Pitch System,3061.5945428476784,1,5.764916649508245,1.751636738752481,6.973798758385287,True
97,Pitch System,47.449047495451104,0,8.555540737696147,2.0032766718701915,12.681856683613312,True
98,Pitch System,874.9243025891114,1,13.239226954244938,2.454570236348829,8.882681216768978,True
99,Pitch System,508.55095135571827,1,12.404252735307086,2.5501005071620195,18.73954830843786,True
100,Pitch System,19589.021746933562,1,3.0,1.225848973810745,21.58542139360871,True
101,Pitch System,19.239006292738246,1,3.0,1.284198226519559,12.085164671797507,True
102,Pitch System,3291.655232614167,0,5.0705744887858994,1.3639832956241018,15.505729023474528,True
103,Pitch System,1806.3300912317545,0,9.76636333866573,1.9819454730187684,19.024319571358355,True
104,Pitch System,633.0136715722515,0,3.0,1.0553864265049586,17.48944812110941,True
105,Pitch System,5197.481879116448,1,4.243184118384298,1.4576196843953437,12.521042030628912,True
106,Pitch System,5024.811481517962,1,4.895298503472366,1.210690276949454,7.11714936085626,True
107,Pitch System,296.01056781439866,0,7.5891228959387025,1.8280472988752936,9.799512926147177,True
108,Pitch System,1633.3124684158947,1,9.67867330003942,1.9328431373789565,21.15588214586337,True
109,Pitch System,95.67027408172356,1,12.978161816897362,2.5330664820477815,24.45658932265817,True
110,Pitch System,3212.8580099850656,1,3.0,1.272630348309689,8.183854972683942,True
111,Pitch System,513.0406834504346,1,7.5215842165649285,1.9756870296348117,3.6117316144702727,True
112,Pitch System,367.73614504884296,0,10.725376732722587,2.196661411597507,7.690646321992182,True
113,Pitch System,624.3766055816492,0,9.23420053668816,1.6722980260545932,6.583696355226058,True
114,Pitch System,1080.2332444108035,1,6.270351103996022,1.5423991565447925,5.13264037905078,True
115,Pitch System,1055.6540336947314,0,11.169963562885389,1.9645945486570244,17.980552323846517,True
116,Pitch System,168.69374849608542,1,3.3381525997949457,1.1228363356204523,19.53554632022111,True
117,Pitch System,1217.6974524401717,0,4.460924202893937,1.5619951693387806,11.883532658216396,True
118,Pitch System,1235.003505386213,0,4.8688825479537385,1.479895977389103,20.388143259502154,True
119,Pitch System,285.17301062706156,0,7.772787966588584,1.6278949917038184,6.2206458241303215,True
120,Pitch System,408.3464159035239,1,5.794374248501618,1.3432673048541344,8.415223904720403,True
121,Pitch System,6427.072392258943,0,6.222011891419545,1.5515587409017846,4.263784177257585,True
122,Pitch System,982.1866538885731,0,5.570759714057073,1.2860071432796798,4.197450598460302,True
123,Pitch System,129.24031724184147,1,13.34015470645555,2.300147523165179,8.559587786554436,True
124,Pitch System,531.7671261612633,1,7.948734698457135,1.8006495845475428,11.898941160834283,True
125,Pitch System,7.060540684507067,1,15.12979314259352,2.7888719825272266,12.1586287833765,True
126,Pitch System,550.8201701844182,0,7.125809494186356,1.7464113601360287,8.93402939785985,True
127,Pitch System,899.4731464834917,1,8.936106326612537,1.5286393329037895,19.376698197371915,True
128,Pitch System,1150.6486819658226,0,11.801279759747697,2.2618085805242623,15.436028404946537,True
129,Pitch System,62.21409646605355,1,12.78189173587988,2.3446320442904725,10.461471911290905,True
130,Pitch System,877.343541329784,0,6.186887324920096,1.6045100217963155,17.40944394728558,True
131,Pitch System,372.6528383060697,1,11.284067971322594,2.3965196088063925,14.027271529795291,True
132,Pitch System,3171.178650148928,1,3.0,0.8505142584792887,9.02172340603136,True
133,Pitch System,1216.2529701440078,0,6.252099591285708,1.461586437175619,6.290659028747331,True
134,Pitch System,199.52088994782568,0,8.731209287424385,1.9363810629099292,15.927735870250206,True
135,Pitch System,517.8604999710785,0,6.154504287403769,1.301301354570361,18.657277597496964,True
136,Pitch System,75.90767458776645,1,16.499072647602663,3.001281074920346,19.26817221711569,True
137,Pitch System,1679.7125533916721,0,3.0,1.2152534919050988,17.736596955643943,True
138,Pitch System,818.8646890552214,1,7.245763690338958,1.7964792407171855,10.714235176277707,True
139,Pitch System,3121.8263450706995,1,4.1996639165882925,1.218318120762326,14.586290158206388,True
140,Pitch System,1000.7256366931066,1,13.395389320346915,2.5295112719365616,20.104897187273856,True
141,Pitch System,1484.155829457566,1,7.200964842899124,1.8243865145462506,7.4703891873492605,True
142,Pitch System,4156.263842000007,1,7.159426088405798,1.6940628336292711,11.860250299279016,True
143,Pitch System,4050.851727023353,0,3.0,1.1951601339048046,17.17025212134176,True
144,Pitch System,818.6751166512001,1,6.344652237649095,1.6019097544101502,3.968184490552388,True
145,Pitch System,845.468559458549,1,7.33682861063092,1.5509176435648033,4.174938836763056,True
146,Pitch System,635.928390036605,1,9.751053263250412,1.9479970895539966,7.961668922978399,True
147,Pitch System,6581.203556801369,1,8.91527865547837,1.8469550587895505,7.788584349056615,True
148,Pitch System,2330.421027160744,1,6.854900722470952,1.6800971663495385,14.105079209257028,True
149,Pitch System,2582.3520775973566,0,7.699931501421036,1.8739654172070683,-0.4461377824092416,True
150,Pitch System,210.0745759582237,1,16.615781847887497,2.6351134094497386,7.127354446939198,True
151,Pitch System,414.82800002103943,1,3.70649628517,1.2260281996724633,6.624475617713503,True
152,Pitch System,3879.7599072999874,1,3.0,1.3822183321488462,12.815277187660275,True
153,Pitch System,523.3725426687171,1,11.892524398591236,2.115564693509064,6.725803598827088,True
154,Pitch System,4497.490603544168,1,6.5205694106325796,1.4591308266823615,6.156659475532672,True
155,Pitch System,1556.348408090273,1,12.643659429470304,2.3475850603111157,15.1440172338038,True
156,Pitch System,4135.686817336235,1,5.347341386996421,1.5683387450123685,1.3395435666191648,True
157,Pitch System,1139.0021621714993,0,9.557037558274454,1.9485584153270332,15.802362794932844,True
158,Pitch System,846.8844435279862,1,5.4754109286244255,1.6563934000004796,10.328165370142903,True
159,Pitch System,195.38179137794398,0,4.7912636216236635,1.5034707319798186,8.627148253246219,True
160,Pitch System,2875.1360196035735,0,4.352567346654115,1.448581091632003,13.241770983643995,True
161,Pitch System,692.4798638680684,1,12.665616522230076,2.402991457866223,10.895450703529034,True
162,Pitch System,954.0800236320919,1,3.0,1.5091479650519128,16.65981785165616,True
163,Pitch System,68.29847632489083,1,10.283467923504503,2.003241897490634,3.2438784569399686,True
164,Pitch System,490.25474877105574,1,15.380959693965629,2.3451868194658987,4.543078029820849,True
165,Pitch System,2779.3358662650226,1,6.512435607910332,1.822130427176811,18.068967629167584,True
166,Pitch System,904.9430461452529,1,8.450261270280869,1.7453764377901806,16.171805015956846,True
167,Pitch System,3323.4930746637533,1,3.6652382037627054,1.2560106511029796,14.667799639170166,True
168,Pitch System,56.968177731358544,1,3.9150360097655446,1.4662369239009443,2.857879158230541,True
169,Pitch System,1728.9608996753868,1,9.093179457250468,1.6508426037112174,10.947220884648353,True
170,Pitch System,1273.8975080765174,1,3.0,0.9722529178840792,12.052801242760758,True
171,Pitch System,6968.308641821537,1,9.428649766978396,1.6912462814695794,12.741466561051672,True
172,Pitch System,2024.8075247814058,1,6.911611728280731,1.510272963889874,11.503805515521421,True
173,Pitch System,209.9769470794598,1,9.905322964524794,2.054584246645524,16.9025289472844,True
174,Pitch System,1334.3896315499162,1,3.0,1.2386281764219158,1.4508605618006554,True
175,Pitch System,1098.177907051639,1,11.397440230857555,2.2091339546021898,14.861406598197025,True
176,Pitch System,70.40867171221639,1,14.947301830385022,2.381761337062348,12.862714382714877,True
177,Pitch System,330.5416609960688,1,7.74063321288288,1.382360470051049,1.5189798194775146,True
178,Pitch System,3211.8808920056886,1,3.0,1.1681530378085574,3.06308487590354,True
179,Pitch System,504.6161110613595,0,3.0,1.0892335949542498,0.16300493531996896,True
180,Pitch System,1782.2245132258918,0,4.565836561829612,1.4168082531770452,13.914458420487735,True
181,Pitch System,1405.1939740880766,1,3.0,1.2652930439331906,17.81522095786882,True
182,Pitch System,3394.3846943214144,1,3.0,1.1807362148088025,14.115806907277024,True
183,Pitch System,1298.6370954470851,0,6.8732054098989845,1.7388046119942562,20.107017712136674,True
184,Pitch System,134.72209420012823,1,9.108298849351305,1.927377568039417,-1.8170995910868974,True
185,Pitch System,193.98853475884408,1,4.31628694861389,1.397464139673887,5.202066766274314,True
186,Pitch System,338.75860114395715,0,5.45308270213059,1.3486689348251886,7.992284558289617,True
187,Pitch System,37.394994226453974,1,8.418900439473772,1.7833263406621338,3.1948603866880667,True
188,Pitch System,308.46592410638175,1,13.033978373667285,2.393593819338618,3.0681152274259347,True
189,Pitch System,612.4952997899969,1,4.58497197783516,1.473275908652832,2.5229704427822934,True
190,Pitch System,439.8741087852089,1,9.813823562368968,1.9185976516505903,12.186678608036633,True
191,Pitch System,731.7600529970572,0,3.0,1.238175088359817,19.14660781181596,True
192,Pitch System,1200.8912372320287,1,10.122341245075837,1.9748051306217935,10.023189193907315,True
193,Pitch System,1751.1497144672833,1,12.289139278920231,2.257065388371208,10.369723718346291,True
194,Pitch System,1183.1801734279054,1,3.649557961329537,1.3623748116631553,11.386322749203861,True
195,Pitch System,1960.9383792604863,1,11.620377698218524,1.8954862681280993,16.02833466454661,True
196,Pitch System,1485.2894550618455,0,11.124691457983833,1.9404921257468457,4.909428392978309,True
197,Pitch System,364.77654638826186,0,6.0707123181242615,1.3061576685584884,17.863883384418493,True
198,Pitch System,3346.368438051165,1,3.1064943382202572,0.8227369026091853,16.41374090155453,True
199,Pitch System,2190.3605066774744,1,10.824723012311546,1.997227095454109,7.449642996986647,True
200,Pitch System,244.06676602823208,0,9.178781958695664,2.0138689200026407,5.86453825290676,True
201,Pitch System,476.86381139494205,1,4.257836382654566,1.2682077559611618,27.923093471014976,True
202,Pitch System,5213.677430977915,1,3.0,1.189668512291278,7.739231253489404,True
203,Pitch System,9693.600083638903,1,7.056907624200118,1.8102115394106328,16.761640270073027,True
204,Pitch System,1235.4117166028057,1,11.814528745971412,2.416896369356723,8.050599909018345,True
205,Pitch System,86.72059343053235,0,17.54065743969707,2.8945082025547277,18.720111229795698,True
206,Pitch System,227.20913341092796,1,10.291959386203214,2.2380730097797947,6.475427246399738,True
207,Pitch System,2629.479493535786,1,12.07864558377095,2.26325646881763,19.09734276575337,True
208,Pitch System,714.4360739811917,1,5.293017242743452,1.309552335555095,19.980591590442252,True
209,Pitch System,2670.6928451613876,1,12.311286793489383,2.1881943623889155,7.464924678198388,True
210,Pitch System,2321.799978250932,1,7.000057742980545,1.417926452272913,19.427800078239635,True
211,Pitch System,1.7429089941411786,0,5.125736759163465,1.281868333039568,16.905634670211388,True
212,Pitch System,1687.387859864446,0,6.251549914296573,1.4964834865044245,19.764644974309192,True
213,Pitch System,2267.775887875318,1,10.768488307580519,2.2127563498164524,-0.6776151824614081,True
214,Pitch System,2015.9838792614871,1,3.961828109714718,1.5335348478406636,6.1816649193842395,True
215,Pitch System,1321.7868252478702,1,4.9105041505932965,1.1819332707646395,9.481786996854867,True
216,Pitch System,182.16145346396647,1,4.666742790978765,1.4189332551564398,16.057219579065855,True
217,Pitch System,27.275377534147108,1,12.095967861102967,2.095434552458726,16.227570158297702,True
218,Pitch System,3356.45351955658,1,12.265447492182329,2.34305826233136,18.270988228345775,True
219,Pitch System,5541.7415733655525,0,3.0,1.140337002396841,6.640047637600241,True
220,Pitch System,506.72467009314647,1,8.149244309443992,1.5032734432561494,13.955943736708978,True
