failure_id,event_time_days,event_observed,batch,synthetic
1,12022.291095972252,1,1,True
2,21552.81823505055,1,1,True
3,9273.289182719776,1,1,True
4,14258.745012408663,1,1,True
5,21915.0,1,1,True
6,3731.071501345671,1,2,True
7,12407.831974721052,1,2,True
8,11652.43538397726,1,2,True
9,21915.0,1,2,True
10,21211.428341690134,1,2,True
11,21915.0,1,3,True
12,6549.803209203066,1,3,True
13,15758.729310153594,1,3,True
14,10490.103085872075,1,3,True
15,21417.85165357748,1,3,True
16,1402.8734146978347,0,0,True
17,1582.2181401863004,0,0,True
18,1313.338879188075,0,0,True
19,1731.813428355436,0,0,True
20,1624.4481326690013,0,0,True
21,1693.712320599274,0,0,True
22,1472.6109147891516,0,0,True
23,1810.1961801153575,0,0,True
