scenario,metric,mean,std,p5,p25,median,p75,p95
baseline,A_farm,0.9275842398865279,0.16957971060438098,0.5158836354353836,0.9903350938088789,1.0,1.0,1.0
baseline,A_turbine_mean,0.9768210345690576,0.012257298240653903,0.9536624456068377,0.9703329616575264,0.9792987025293534,0.9858523670290094,0.9918990982663809
baseline,A_bop,0.9275842398865279,0.16957971060438098,0.5158836354353836,0.9903350938088789,1.0,1.0,1.0
baseline,A_kofN_exact,1.0,1.1644699566225836e-17,1.0,1.0,1.0,1.0,1.0
baseline,n_turbine_up_mean,21.490062760519265,0.2696605612943858,20.98057380335043,21.347325156465583,21.54457145564577,21.68875207463821,21.821780161860385
optimised,A_farm,0.9478250710095344,0.1288939799602133,0.665843346326678,0.990391416997914,1.0,1.0,1.0
optimised,A_turbine_mean,0.9853411979486991,0.008156390409306373,0.9693257700099812,0.981228254897372,0.9872498806760704,0.9912285421776713,0.9950381408076385
optimised,A_bop,0.9478250710095344,0.1288939799602133,0.665843346326678,0.990391416997914,1.0,1.0,1.0
optimised,A_kofN_exact,1.0,1.2707718723238281e-17,1.0,1.0,1.0,1.0,1.0
optimised,n_turbine_up_mean,21.677506354871376,0.1794405890047402,21.325166940219578,21.587021607742177,21.719497374873548,21.807027927908766,21.890839097768048
degraded,A_farm,0.8986767296549839,0.2209215815638265,0.3215255652881127,0.9945844198103818,1.0,1.0,1.0
degraded,A_turbine_mean,0.9507025220914982,0.022317503437748614,0.9087043283841357,0.9377702103433101,0.9542292644299748,0.9672333388927292,0.9807946495423981
degraded,A_bop,0.8986813289419362,0.22092221307356286,0.32152556528811266,0.9949529293441077,1.0,1.0,1.0
degraded,A_kofN_exact,0.9999954007130478,0.000295232791790546,1.0,1.0,1.0,1.0,1.0
degraded,n_turbine_up_mean,20.91545548601296,0.4909850756304695,19.991495224450983,20.630944627552818,20.99304381745944,21.279133455640043,21.57748228993276
