component,param_varied,param_value,A_farm_mean,A_farm_std,A_farm_p5,A_farm_p95
ALL,mttr_multiplier,0.4,0.9609039737829516,0.09859550357032443,0.7563560410851469,1.0
ALL,mttr_multiplier,0.5476190476190477,0.9508988980064679,0.12096749881007723,0.6888127002114001,1.0
ALL,mttr_multiplier,0.6952380952380952,0.9444309915554959,0.13509231140170574,0.6498100157452762,1.0
ALL,mttr_multiplier,0.8428571428571429,0.9387211574729256,0.1490696701317786,0.5915859519166311,1.0
ALL,mttr_multiplier,0.9904761904761905,0.9320821592443409,0.1652661345427541,0.5237537167539189,1.0
ALL,mttr_multiplier,1.138095238095238,0.9224056858831378,0.17747423345834543,0.4829607557052042,1.0
ALL,mttr_multiplier,1.2857142857142856,0.9159666848982101,0.19255140671022455,0.4416147564214423,1.0
ALL,mttr_multiplier,1.4333333333333336,0.9091012386936493,0.19927322904747652,0.4226305208415109,1.0
ALL,mttr_multiplier,1.580952380952381,0.9075516002463974,0.20057709922202507,0.40684282325953963,1.0
ALL,mttr_multiplier,1.7285714285714286,0.9119844050604363,0.1978967037688854,0.41581582064661216,1.0
ALL,mttr_multiplier,1.8761904761904762,0.9101516026361615,0.20344932697231008,0.38856874262278224,1.0
ALL,mttr_multiplier,2.0238095238095237,0.9096667045139384,0.2023653090721574,0.3947725182182642,1.0
ALL,mttr_multiplier,2.1714285714285713,0.9016656990370253,0.21048311511878554,0.36183420494147234,1.0
ALL,mttr_multiplier,2.3190476190476192,0.9019798944169886,0.22115221081230707,0.31035970940757324,1.0
ALL,mttr_multiplier,2.466666666666667,0.9056035151391729,0.211640112181189,0.377899923104909,1.0
ALL,mttr_multiplier,2.6142857142857143,0.897511983852682,0.22603311620651195,0.31885352701491565,1.0
ALL,mttr_multiplier,2.761904761904762,0.9046193514603307,0.21603283385117322,0.3467631984955767,1.0
ALL,mttr_multiplier,2.9095238095238094,0.8973537999175323,0.22349733691174928,0.30850084737533656,1.0
ALL,mttr_multiplier,3.057142857142857,0.900566874561141,0.2244670604869096,0.3112842897832329,1.0
ALL,mttr_multiplier,3.204761904761905,0.8962695749858456,0.22759468713737788,0.3071615896773482,1.0
ALL,mttr_multiplier,3.3523809523809525,0.8900912077714231,0.23393187210677666,0.2861992489490996,1.0
ALL,mttr_multiplier,3.5,0.8917070197461909,0.23287039120814412,0.2873046467746701,1.0
